No.,Username,Text,Created_At,Replies,Favourite_Count,View_Count
1,RafaÅ‚ Trzaskowski,"NiektÃ³rzy mÃ³wiÄ…, Å¼e Podlasie to dla mnie trudny terenâ€¦ A ja odpowiadam: nie sÄ…dzÄ™ ğŸ™‚

BiaÅ‚ystok. Co. Za. Moc. DziÄ™ki za dziÅ›! 

#Trzaskowski2025 https://t.co/Bq5wTPexrM",Sun Apr 06 14:23:01 +0000 2025,657,5080,202159
2,Marzena Kosciolek#silnirazem,"Moi drodzy, dni tak szybko mijajÄ… , Å¼e siÄ™ nie obejrzymy i bÄ™dziemy mieÄ‡ 18.05. I dlatego promujemy najlepszego Prezydenta @trzaskowski_  . Szkoda czasu na zajmowanie siÄ™ teraz innymi , tu mamy pracÄ™ dla wykonania i pomoc w wygranej 
#Trzaskowski2025 âœŒï¸ğŸ‡µğŸ‡± https://t.co/2zcoTebEGY",Wed Apr 09 17:51:16 +0000 2025,86,701,4850
3,Krzysztof Truskolaski,"RafaÅ‚ Trzaskowski w BiaÅ‚ymstoku!
Jest moc âœŒï¸
#Trzaskowski2025 #CaÅ‚aPolskaNaprzod https://t.co/Syf0PObwO4",Sun Apr 06 12:52:49 +0000 2025,45,349,5569
4,Jerzy Gryz,UÅ›miechniÄ™ty i pozytywny ten nasz przyszÅ‚y Prezydent RP - RafaÅ‚ #Trzaskowski2025 https://t.co/MpzeWkQ12m,Sun Apr 06 09:07:15 +0000 2025,1,345,1685
5,H.K.Hania #Trzaskowski2025 Silni Razem,"RafaÅ‚ zawsze staÅ‚ gdzie trzeba, z kobietami, wiÄ™c teraz matki, Å¼ony, kochanki, siostry, cÃ³rki wnuczki, trzaskamy dla #Trzaskowski2025 https://t.co/AMUXj7iUiZ",Thu Apr 10 07:30:21 +0000 2025,5,276,1898
6,Krzysztof Truskolaski,"To juÅ¼ dziÅ›! RafaÅ‚ Trzaskowski w BiaÅ‚ymstoku! Do zobaczenia! âœŒï¸ğŸ‡µğŸ‡±ğŸ‡µğŸ‡±
6 kwietnia | godz. 14:30 
SP 49, ul. Armii Krajowej 32, BiaÅ‚ystok 
#Trzaskowski2025 #CaÅ‚aPolskaNaprzÃ³d https://t.co/NHMBXtkUIO",Sun Apr 06 06:10:48 +0000 2025,41,373,7598
7,ANIAczarnazoÅ‚za ğŸ¤â¤ï¸#TRZASKOWSKI 2025,"#TrzaskamyPierwszÄ…TurÄ™ #TrzaskamyBanery #TrzaskowskiTeam #Trzaskowsk2025 
ğŸ¤â¤ï¸ğŸ‡µğŸ‡±ğŸ¤— https://t.co/qDtpBBlRrw",Mon Apr 07 08:12:34 +0000 2025,9,451,3878
8,Zygmunt J. ğŸ‡µğŸ‡±#SnaWğŸ‡ªğŸ‡º,"#KobietyNaWybory
Trzaskamy tyle, Å¼eby w pierwszej turze wygraÅ‚ RafaÅ‚,
#Trzaskowski2025 https://t.co/Xa94lAJ2lx",Sun Apr 06 08:35:51 +0000 2025,35,431,2139
9,BaKos,"RafaÅ‚ Trzaskowski Prezydentem Polski ğŸ¤â¤ï¸ By siÄ™ tak staÅ‚o, trzeba TrzaskaÄ‡ Å›miaÅ‚o âœŒï¸ğŸ‡µğŸ‡±âœŒï¸
#CaÅ‚aPolskaNaprzÃ³d 
#Trzaskowski2025 https://t.co/4qs81s6dl7",Mon Apr 07 05:29:12 +0000 2025,19,410,2434
10,ElÅ¼bieta ğŸ‡µğŸ‡±ğŸ‡ªğŸ‡º,"RafaÅ‚ Trzaskowski - nasz przyszÅ‚y,najlepszy prezydent Polski 
Wieszamy banery , ja  juÅ¼ powiesiÅ‚am 
#Trzaskowski2025 https://t.co/w0KACZm8La",Sun Apr 06 06:10:57 +0000 2025,8,210,1315
11,Postman ğŸ‡µğŸ‡±,"RafaÅ‚ Trzaskowski po debacie w KoÅ„skich 2025  ( nejmanowane) 

#NawrockiNaszPrezydent 
#Trzaskowski2025 
#debata 
#koÅ„skie 
#WyboryPrezydenckie2025 
#wyb https://t.co/0vSw2DGmxL",Wed Apr 09 18:37:45 +0000 2025,0,2,76
12,Demos Kratos,"Dlaczego Trzaskowski? Bo nie wyobraÅ¼am sobie, by znÃ³w ktoÅ› ekshumowaÅ‚ wbrew woli rodziny kogoÅ› im bliskiego i taÅ„cem na tej trumnie robiÅ‚ karierÄ™ politycznÄ…. To niewybaczalne. Na wskroÅ› pisie i ohydne. Nigdy wiÄ™cej! Dlatego:
TRZASK! W PIERWSZEJ TURZE!
#Trzaskowski2025 https://t.co/8btj3TIRsC",Wed Apr 09 10:20:06 +0000 2025,42,420,3853
13,Krzysztof Truskolaski,"BiaÅ‚ystok â€“ co to byÅ‚o za spotkanie!
TÅ‚umy, energia, wiara w zwyciÄ™stwo!
RafaÅ‚ Trzaskowski przyjÄ™ty z otwartymi sercami.

DziÄ™kujÄ™ za dziÅ›!
Z takim wsparciem wygramy te wybory.
Marsz po zwyciÄ™stwo trwa âœŒï¸

#Trzaskowski2025 #CaÅ‚aPolskaNaprzÃ³d https://t.co/QcGdIVlWQE",Sun Apr 06 17:49:13 +0000 2025,36,247,3248
14,ğ•¸ğ–†ğ–—ğ–ˆğ–ğ–“_ğ•´ğ–ˆğ–Šğ–‘ğ–†ğ–“ğ–‰ ğŸ‡®ğŸ‡¸,"RafaÅ‚ Trzaskowski to lider, ktÃ³ry Å‚Ä…czy pokolenia i inspiruje do dziaÅ‚ania. Jego wizja nowoczesnej Polski opiera siÄ™ na wartoÅ›ciach demokracji i otwartoÅ›ci. Czas na zmiany! #Trzaskowski2025
 #CalaPolskaNaprzÃ³d #Poland #Vote https://t.co/78lhNcP6DD",Thu Apr 10 12:33:03 +0000 2025,0,176,1735
15,#Trzaskowski2025 RzeszÃ³w,"JuÅ¼ jutro..
#Trzaskowski2025 https://t.co/2XTwzfeISf",Thu Apr 10 19:26:35 +0000 2025,0,9,94
16,Adam JastrzÄ™bski,"RafaÅ‚ Trzaskowski to polityk z wizjÄ…, konkretem i klasÄ…. NadchodzÄ…ca debata to szansa, by po raz kolejny pokazaÅ‚, Å¼e moÅ¼na prowadziÄ‡ politykÄ™ mÄ…drze, odpowiedzialnie i z szacunkiem do ludzi. Trzymam kciuki â€” #Trzaskowski2025 
#debata https://t.co/luf55CSqcK",Wed Apr 09 19:22:14 +0000 2025,25,304,2351
17,TRZ A dam,"Art 2 Konstytucji RP ""Rzeczpospolita Polska jest demokratycznym paÅ„stwem prawnym, urzeczywistniajÄ…cym zasady sprawiedliwoÅ›ci spoÅ‚ecznej""
RafaÅ‚ Trzaskowski jest jedynym kandydatem, ktÃ³ry bez udawania moÅ¼e wypeÅ‚niÄ‡ ten przepis. 
GÅ‚osuj ğŸ‘‡
#Trzaskowski2025 
#ObywateleNaprzÃ³d https://t.co/G0IYjvdUVT",Thu Apr 10 07:23:37 +0000 2025,5,129,694
18,Arturo Gavito,"RafaÅ‚ to wybÃ³r, ktÃ³ry zmieni PolskÄ™ na lepszÄ…! #Trzaskowski2025 https://t.co/u3h1Xp14vw",Mon Apr 07 17:56:01 +0000 2025,11,148,990
19,Kamila Gasiuk-Pihowicz,"""RafaÅ‚"". Drugie wydanie bÄ™dzie miaÅ‚o tytuÅ‚ ""Prezydent RafaÅ‚"" ğŸ’ªğŸ¼ Czytamy! ğŸ“– #Trzaskowski2025 https://t.co/E6Rfa12uxj",Tue Apr 08 17:58:56 +0000 2025,755,912,29035
20,Evita Polka i Europejka,RafaÅ‚ Trzaskowski ğŸ˜ do poczytania #Trzaskowski2025.                               #Trzaskowskiwygra.                           ğŸ˜€ğŸ‘ğŸ»ğŸŒ·ğŸŒ¹ https://t.co/ixggPjeTpY,Wed Apr 09 21:49:33 +0000 2025,0,1,7
21,PyÅ›ka ğŸ˜€,"CzeÅ›Ä‡ BÄ…Å¼ury â€¼ï¸
#Trzaskowski2025, nie chodzi o to, by dzieliÄ‡, tylko by Å‚Ä…czyÄ‡.
@trzaskowski_ wierzy w rodzinÄ™, uczciwÄ… pracÄ™ i sprawiedliwe paÅ„stwo.
Nie podwaÅ¼a dorobku ostatnich lat â€” ale wie, Å¼e Polska potrzebuje teraz spokoju, kompetencji i wspÃ³Å‚pracy.
#TrzaskamyPierwszÄ…TurÄ™ https://t.co/0yLKUWk6S2",Mon Apr 07 04:50:42 +0000 2025,14,264,1219
22,Mariusz Witczak,"RafaÅ‚ Trzaskowski w Kaliszu!!!
Zapraszamy na spotkanie mieszkaÅ„cÃ³w miasta, okolicznych powiatÃ³w, caÅ‚ej aglomeracji kalisko-ostrowskiej. Czwartek, plac ÅšwiÄ™tego JÃ³zefa, godz. 13.30. Do zwyciÄ™stwa! #Trzaskowski2025 #Kalisz https://t.co/8i15xeCTVx",Sun Apr 06 11:20:17 +0000 2025,40,337,9604
23,TomDziki,"DziÅ› Kalisz i WieluÅ„â€¼ï¸
Panie Prezydencie @trzaskowski_ DO ZWYCIÄ˜STWAâ€¼ï¸  
#Trzaskowski2025 âœŒï¸âœŒï¸âœŒï¸ https://t.co/k0fTvwYVO0",Thu Apr 10 06:54:14 +0000 2025,1,13,340
24,Pradawny,"Trzaskamy od rana!
Tylko RafaÅ‚!
Tego nam Trza!
#Trzaskowski2025",Mon Apr 07 05:34:12 +0000 2025,5,199,1478
25,ROBERT 102071,"Silny prezydent to nie ten, ktÃ³ry krzyczy najgÅ‚oÅ›niej. To ten, ktÃ³ry Å‚Ä…czy, a nie dzieli. RafaÅ‚ Trzaskowski pokazuje, Å¼e moÅ¼na mieÄ‡ klasÄ™ i charakter jednoczeÅ›nie. #Trzaskowski2025 https://t.co/mCfvSd0AuX",Tue Apr 08 21:47:54 +0000 2025,0,7,100
26,ZdzisÅ‚aw Gawlik,"Wieszamy banery RafaÅ‚ .@trzaskowski_ ğŸ‡µğŸ‡±âœŒï¸

Pracujemy, aby nasz kandydat wygraÅ‚ w pierwszej turze! Wczoraj powiesiÅ‚em pierwszy baner RafaÅ‚a Trzaskowskiego w gminie Pilzno. ğŸ˜ƒ

#Trzaskowski2025 https://t.co/dxpwE5geY6",Wed Apr 09 04:30:19 +0000 2025,71,372,3035
27,Basia Bielskaâš¡ğŸ‡µğŸ‡±ğŸ‡ªğŸ‡ºğŸ‡¬ğŸ‡§,"Kochani nie widzÄ™ Trzaskow, czyÅ¼by juÅ¼ po wyborach byÅ‚o? Do roboty, bo Nawrocki szaleje. Trzaskamy. Liczy siÄ™ tylko RafaÅ‚ ğŸ’™#Trzaskowski2025 #Trzaskowski2025 #Trzaskowski2025#Trzaskowski2025 #PierwszaTuraDlaBÄ…Å¼ura #SnaW",Sun Apr 06 17:06:36 +0000 2025,103,1014,12542
28,Nowa Generacja ÅšwiÄ™tokrzyskie,"ğŸ“¢ JuÅ¼ jutro akcja #ObywateleNaprzod w KoÅ„skich i StÄ…porkowie!

O 20:00 debata RafaÅ‚ Trzaskowski w KoÅ„skich.
PokaÅ¼my nasze wsparcie! BÄ…dÅºcie z nami ğŸ’ª

#Trzaskowski2025 #debata https://t.co/5sPBb9h3Ac",Thu Apr 10 14:13:52 +0000 2025,0,4,100
29,Krzysztof Grabczuk,"JuÅ¼ jutro - 11 kwietnia o 20:00 Debata prezydencka! ğŸ‡µğŸ‡± 

@trzaskowski_  ğŸ’ª

#Trzaskowski2025 
#CalaPolskaNaprzÃ³d 
#TrzaskowskiTeam https://t.co/EMFdb3m0E4",Thu Apr 10 19:05:14 +0000 2025,0,7,108
30,Dawid Albowicz,"ğŸ“¢ JuÅ¼ jutro akcja #ObywateleNaprzod w KoÅ„skich i StÄ…porkowie!  

O 20:00 debata RafaÅ‚ Trzaskowski w KoÅ„skich. PokaÅ¼my nasze wsparcie! BÄ…dÅºcie z nami ğŸ’ª 
#Trzaskowski2025 #debata https://t.co/40GYKwBeXS",Thu Apr 10 10:18:38 +0000 2025,2,97,1250
31,eL jak ElÅ¼bieta ğŸ‡ªğŸ‡º ğŸ‡µğŸ‡±,"Powiem tak... piszony wyjÄ…, konfa wyje ğŸ¤£
Co by nie powiedziaÅ‚ RafaÅ‚ zawsze skÅ‚amiÄ…!
I dlatego, zrÃ³bmy wszystko by RafaÅ‚ wygraÅ‚ w pierwszej turze! 
RafaÅ‚ byÅ‚ zawsze za kobietami, to teraz #KobietyZTrzaskiem  i za Trzaskiem! â¤ï¸
#Trzaskowski2025 https://t.co/diy2Jc3udE",Sun Apr 06 10:40:13 +0000 2025,55,383,3214
32,Helutka II konto -sierpieÅ„ 2024,"ZdjÄ™cie symbol âœŒï¸âœŒï¸âœŒï¸ 
RafaÅ‚ Trzaskowski ğŸ“¢ Å‚Ä…czy ludzi â€¼ï¸â€¼ï¸
RafaÅ‚ Trzaskowski gwarantem 
ğŸ‘‰ RÃ³wnoÅ›ci 
ğŸ‘‰ SprawiedliwoÅ›ci 
ğŸ‘‰ NormalnoÅ›ci 
ğŸ‘‰ StabilnoÅ›ci 
ğŸ‘‰ BezpieczeÅ„stwa 
#Trzaskowski2025
#TrzaskamyPierwszÄ…TurÄ™ https://t.co/OIPtDAnod5",Sun Apr 06 07:34:46 +0000 2025,110,596,5490
33,Damian Firlej,"Pomimo wietrznej pogody, z przyjaciÃ³Å‚mi z @pobialoleka, #TrzaskamyBanery dla RafaÅ‚ Trzaskowski ğŸ‡µğŸ‡±âœŒï¸

#Trzaskowski2025 #CaÅ‚aPolskaNaprzÃ³d #Trza2025 @magda_roguska https://t.co/CXg4szYZaR",Sun Apr 06 09:11:02 +0000 2025,5,302,5050
34,Ark.B,"Zanim sen ogarnie nas, pora trzasnÄ…Ä‡ jeszcze raz. Tylko RafaÅ‚ Trzaskowski Prezydentem Polski âœŒâœŒâœŒ
#Trzaskowski2025 Dobranoc https://t.co/6Qhhtqg7VG",Thu Apr 10 20:26:37 +0000 2025,4,87,434
35,BettağŸ‡µğŸ‡±ğŸ‡ªğŸ‡ºğŸ‡ºğŸ‡¦,"Ave âœŒï¸âœŒï¸âœŒï¸
Maksimus RafaÅ‚us Trzask
#Trzaskowski2025 
#TrzaskamyPierwszÄ…TurÄ™ 
#TrzaskowskiTeam https://t.co/ChstLMVAMY",Tue Apr 08 07:14:50 +0000 2025,242,376,7027
36,PrzemysÅ‚aw Wajman,"#RafaÅ‚ @trzaskowski_ doÅ‚Ä…czyÅ‚ do towarzystwa ğŸ¤“ğŸ˜‰ğŸ˜‰

 #Trzaskowski2025 âœŒï¸ https://t.co/tE4yh7rkjr",Wed Apr 09 14:09:26 +0000 2025,0,5,88
37,Kabanka28 #Trzaskowsk2025 #SnaW,"PrzyszÅ‚y Prezydent z byÅ‚ym Premierem.
Obaj zawsze po dobrej stronie mocy.
Spotkanie podczas premiery ksiÄ…zki-wywiadu ""RafaÅ‚""ğŸ’ª
#Trzaskowski2025 
#debata https://t.co/JN9o4HmT3B",Wed Apr 09 09:59:50 +0000 2025,0,24,156
38,Ark.B,"Åšroda siÄ™ koÅ„czy, otula jÄ… noc, wiÄ™c trzaÅ›nij wraz ze mnÄ…, nim wskoczysz pod koc. Dobranoc. 
Tylko RafaÅ‚ Trzaskowski Prezydentem Polski
#Trzaskowski2025 https://t.co/T9MTykAs4w",Wed Apr 09 20:22:02 +0000 2025,2,26,256
39,Dominik JaÅ›kowiec,"Dwa najnowsze sondaÅ¼e potwierdzajÄ… wzrost poparcia dla @trzaskowski_ Czy jest to efekt #JarkuSiadaj jak myÅ›licie? ğŸ¤”

#Trzaskowski2025
#CalaPolskaNaprzÃ³d
#TrzaskamyPierwszÄ…TurÄ™ 
#TrzaskowskiTeam https://t.co/Rb9SAZVNns",Tue Apr 08 07:17:02 +0000 2025,19,105,2920
40,Mariusz Witczak,"Jutro RafaÅ‚ Trzaskowski w Kaliszu!!!
Zapraszamy na spotkanie! 
Czwartek, plac ÅšwiÄ™tego JÃ³zefa, godz. 13.30. Do zwyciÄ™stwa! #Trzaskowski2025 #Kalisz https://t.co/A1bDbpgi67",Wed Apr 09 19:04:27 +0000 2025,38,417,5067
41,Lendzian - imiÄ™ moje to Polska. #Polska #PolExit,#SmoleÅ„sk - od poczÄ…tku Tusk ukrywa prawdÄ™. #TrzaskamyPierwszÄ…TurÄ™ #RuszamZTrzaskiem #TrzaskowskiWygra #Trzaskowski2025 #TrzaskowskiTeam #NormalnaPolska #RafaÅ‚ #Trzaskowski #Prezydent2025 #SnaW https://t.co/IV0MVdWyH0,Thu Apr 10 08:39:54 +0000 2025,1,0,35
42,Lendzian - imiÄ™ moje to Polska. #Polska #PolExit,Zamachowcy. #TrzaskamyPierwszÄ…TurÄ™ #RuszamZTrzaskiem #TrzaskowskiWygra #Trzaskowski2025 #SnaW #WybierzPolskie #KobietyZaTrzaskowskim #SiecNaWybory #SnaWygrywa #ZdrowyRozsÄ…dek #JedzmyRazemPrincePolo #TrzaskowskiTeam #NormalnaPolska #RafaÅ‚ #Trzaskowski #Prezydent2025 https://t.co/nlM8ZlvXRl,Thu Apr 10 08:00:29 +0000 2025,0,0,22
43,Mariusz Witczak,"DziÅ› RafaÅ‚ Trzaskowski w Kaliszu. Wybierzmy prezydenta, ktÃ³ry gwarantuje stabilizacjÄ™, spokÃ³j i mÄ…drÄ… politykÄ™ miÄ™dzynarodowÄ…. CaÅ‚a naprzÃ³d! #Trzaskowski2025 #Kalisz https://t.co/YA0bYBQNeV",Thu Apr 10 17:10:22 +0000 2025,6,43,3188
44,Lendzian - imiÄ™ moje to Polska. #Polska #PolExit,Zamachowcy taÅ„czÄ… nad zwÅ‚okami. #TrzaskamyPierwszÄ…TurÄ™ #RuszamZTrzaskiem #TrzaskowskiWygra #Trzaskowski2025 #TrzaskowskiTeam #NormalnaPolska #RafaÅ‚ #Trzaskowski  #SnaW #SnaWygrywa https://t.co/k7WdfV2TDu,Thu Apr 10 08:52:53 +0000 2025,0,1,8
45,Instytut Monitorowania MediÃ³w,".@trzaskowski_ prowadzi w rankingu medialnoÅ›ci.
@MagdaBiejat dogania @SlawomirMentzen w l. wyÅ›wietleÅ„ na TikToku.ğŸ”—CaÅ‚y raport: https://t.co/SbJVpBLF4S

 #trzaskowski2025 #nawrocki2025 #Mentzen2025 #holownia2025 #Biejat2025 #zandberg2025 #braun2025 #jakubiak2025
@Holownia2025 https://t.co/5MFsWKx4kV",Thu Apr 10 13:58:41 +0000 2025,0,15,4153
46,Beata,"#Trzaskowski2025 zadeklarowaÅ‚, Å¼e jako prezydent bÄ™dzie chciaÅ‚ wsÅ‚uchiwaÄ‡ siÄ™ w propozycje rozwiÄ…zaÅ„ przedstawiane przez kobiety. PodkreÅ›liÅ‚, Å¼e czyniÅ‚ tak jako prezydent Warszawy, wprowadzajÄ…c https://t.co/SMN5dspwbn. program darmowych Å¼Å‚obkÃ³w.
ZA: 
https://t.co/oprE4yKXGj https://t.co/Pum50KWwzU",Thu Apr 10 11:25:35 +0000 2025,1,186,970
47,Anna Wojciechowska,"WrÃ³ciÅ‚am wÅ‚aÅ›nie ze spotkaÅ„ w ÅomÅ¼y i Zambrowie w ramach akcji #KobietyZTrzaskiem.
Åšwietna frekwencja, duÅ¼o waÅ¼nych rozmÃ³w i konkretne pytania. Wszystkie uwagi zostaÅ‚y zanotowane i przekaÅ¼emy je @trzaskowski_.
#KobietyNaWybory #Trzaskowski2025 https://t.co/FH8VY40hMj",Wed Apr 09 19:10:26 +0000 2025,0,16,384
48,Hirek123,"Tylko RafaÅ‚ âœŒï¸âœŒï¸âœŒï¸
#Trzaskowski2025 https://t.co/YGGCHqmrNn",Wed Apr 09 17:29:17 +0000 2025,0,17,204
49,ElÅ¼bieta Anna Polak,"DoÅ‚Ä…czyÅ‚o juÅ¼ do naszej SamorzÄ…dowej DruÅ¼yny Poparcia â¦@trzaskowski_â© ponad 16 tys. samorzÄ…dowcÃ³w. DziÄ™kujemyâ¤ï¸
CaÅ‚y czas moÅ¼esz do nas jeszcze doÅ‚Ä…czyÄ‡ na https://t.co/iBPS1HTJQi
#Trzaskiwskinaprzod
#Trzaskowski2025
#Obywatelenaprzod https://t.co/jzKvrYATpo",Thu Apr 10 06:44:57 +0000 2025,7,110,767
50,Pieter,"Nawrocki/Batyr...fifarafa
IdÄ™ na debatÄ™...
Ale Karol nie masz argumentÃ³w, RafaÅ‚ ma...
Lekko koloryzowaneğŸ˜

#Trzaskowski2025 https://t.co/m4R4Rpwc3U",Thu Apr 10 18:00:51 +0000 2025,0,94,23676
51,Romek z Polski ***** *** #SnaW,DzieÅ„ dobry kochane Trzaski. Bo samo siÄ™ nie trzaÅ›nie a TrzaskaÄ‡ musimy Å¼eby pozbyÄ‡ siÄ™ z PaÅ‚acu BEZKRÄ˜GOWCA i by nie zalegÅ‚ siÄ™ tam kolejny pisowiecki bezkrÄ™gowiec. To jest miejsce dla MÄ˜Å»A STANU. Zatem #TrzaskamyPierwszÄ…TurÄ™ #Trzaskowski2025 #TrzaskowskiTeam https://t.co/ZomLgw87Qd,Thu Apr 10 04:17:07 +0000 2025,29,358,3152
52,Tomasz Strehl ğŸ‡µğŸ‡±ğŸ‡ªğŸ‡º,"Bonjour,
tylko 39 dni dzieli nas od zwyciÄ™stwa #Trzaskowski2025 w I turze.
RafaÅ‚ robi Å›wietnÄ… kampaniÄ™.
Spokojnie, merytorycznie, rzeczowo odnosi siÄ™ do wszystkich istotnych dla nas spraw. Daje gwarancjÄ™ wywaÅ¼onej, stabilnej prezydentury.
Warto go wspieraÄ‡!
#CaÅ‚aPolskaNaprzÃ³d https://t.co/7WTXPfsz04",Wed Apr 09 03:04:16 +0000 2025,11,285,2592
53,Alicja,"Panie Karolu, sÅ‚yszÄ™ Å¼e chce pan debatowaÄ‡.ğŸ¤­ Zapraszam.ğŸ’ª 
Tylko ostrzegam, trzeba bÄ™dzie odpowiadaÄ‡ na pytania dziennikarzy.ğŸ˜‚ Upss...
RafaÅ‚ zaprasza na debatÄ™ğŸ‘â¤ï¸
#Debata KoÅ„skie 1âƒ£1âƒ£.0âƒ£4âƒ£.godz.2âƒ£0âƒ£.0âƒ£0âƒ£
#Trzaskowski2025
#SiÃ³demkaTeam jest zaâ€¼ï¸ğŸ‘ https://t.co/HvSuA32htb",Wed Apr 09 06:42:53 +0000 2025,5,147,1648
54,Zygmunt J. ğŸ‡µğŸ‡±#SnaWğŸ‡ªğŸ‡º,"JesteÅ›my coraz bliÅ¼ej 18 maja.
Wszyscy, kochajÄ…cy PolskÄ™
normalnÄ…, gÅ‚osujemy na RafaÅ‚a #Trzaskowski2025. https://t.co/TOOl5zaMCg",Sun Apr 06 07:58:10 +0000 2025,30,253,1386
55,Marcin Tews,"Pierwsza moim zdaniem dobra decyzja tej szczujni. W piÄ…tek o 20.00 robiÄ™ popcorn i bÄ™dÄ™ siÄ™ przyglÄ…daÅ‚ orce jakÄ… RafaÅ‚ Trzaskowski dokona na tych pseudo dziennikarzynach ğŸ˜
#debata
#Trzaskowski2025",Wed Apr 09 09:25:25 +0000 2025,0,8,86
56,Sylwia ğŸ‡µğŸ‡±ğŸ‡ªğŸ‡º #Trzaskowski2025,"Nasza bÄ™dzie wiosna caÅ‚a- gÅ‚osujemy na RafaÅ‚a !!! â¤ï¸ #Trzaskowski2O25
#CalaPolskaNaprzÃ³d #KobietyZaTrzaskowskim
(A lato MuminkÃ³w ğŸ˜Š) https://t.co/z1YUOJCei7",Mon Apr 07 12:50:40 +0000 2025,28,394,2845
57,Julia Janicka #Trzaskowski2O25 #SnaW,"Tylko Rafal Trzaskowski!
#Trzaskowski2025
https://t.co/Ug9zKwTBua",Thu Apr 10 20:44:31 +0000 2025,0,1,8
58,Aleksandra ğŸ‡µğŸ‡±ğŸ‡ªğŸ‡º,"KaÅ¼dy komu zaleÅ¼y, Å¼eby Polska liczyÅ‚a siÄ™ w Europie i umocniÅ‚a swojÄ… pozycjÄ™ politycznÄ… musi pÃ³jÅ›Ä‡ na wybory 18 maja i oddaÄ‡ gÅ‚os na RafaÅ‚a Trzaskowskiego. 
#Trzaskowski2025 #TrzaskowskiTeam 
#TrzaskamyPierwszÄ…TurÄ™ https://t.co/vHxLB9dR7f",Tue Apr 08 17:48:33 +0000 2025,99,562,4437
59,Platforma Obywatelska ÅšwiÄ™tokrzyskie,"ğŸ“¢ JuÅ¼ jutro akcja #ObywateleNaprzod w KoÅ„skich i StÄ…porkowie!

O 20:00 debata @trzaskowski_ w KoÅ„skich.
PokaÅ¼my nasze wsparcie! BÄ…dÅºcie z nami ğŸ’ª

#Trzaskowski2025 #debata https://t.co/RxSCOFP2Un",Thu Apr 10 10:06:10 +0000 2025,12,118,1367
60,Marcin GoÅ‚aszewski,"CaÅ‚a Polska naprzÃ³dğŸ‡µğŸ‡±  ÅÃ³dÅº walczy dla @trzaskowski_ â¤ï¸ Idziemy po zwyciÄ™stwo! 

#Trzaskowski2025 â€¢ #Lodzkie https://t.co/6BqiDoIPkE",Mon Apr 07 16:57:59 +0000 2025,99,502,5078
61,Agnes,Powodzenia @trzaskowski_ ğŸ‘ŠâœŒï¸#Trzaskowski2025 #TrzaskowskiWygra #TrzaskamyPierwszÄ…TurÄ™,Wed Apr 09 14:24:57 +0000 2025,2,70,520
62,MaÅ‚gorzata Gromadzka,"Pomimo, Å¼e wietrznie i trochÄ™ zimowo to my walczymy o wygranÄ… w pierwszej turze.âœŒï¸ğŸ‡µğŸ‡±    

Tylko RafaÅ‚ Trzaskowski - najlepszy i najbardziej doÅ›wiadczony kandydat.ğŸ‡µğŸ‡±âœŒï¸âœŒï¸âœŒï¸
#Trzaskowski2025 
#PlatformaObywatelska 
#TrzaskamyBanery https://t.co/lxMZym4vYl",Sun Apr 06 11:32:08 +0000 2025,64,358,4468
63,Ewa,"Czy debata Trzaskowski - Nawrocki dojdzie do skutku?

Nawrocki niby wyraziÅ‚ zgodÄ™, ale czy Batyr nie stchÃ³rzy?

Dr Dres mnoÅ¼y warunki. W sztabie burza mÃ³zgÃ³w jak nie dopuÅ›ciÄ‡ do debaty, majÄ… Å›wiadomoÅ›Ä‡, Å¼e to bÄ™dzie nokaut.

#Trzaskowski2025
#OdwagiKarolu https://t.co/DAkkkQuea3",Thu Apr 10 05:46:12 +0000 2025,46,431,4059
64,Aleksandra Kot,"RoÅ›nie poparcie dla @trzaskowski_! To efekt ciÄ™Å¼kiej pracy w kampanii wyborczej. Pracujemy dalej, a juÅ¼ za 40 dni gÅ‚osujemy na #Trzaskowski2025! https://t.co/sX4SxquuBh",Tue Apr 08 13:35:56 +0000 2025,40,78,1495
65,JarosÅ‚aw Zbaw Herszt z Å»oliborza #Trzaskowski 2025,"GÅ‚osuj na RafaÅ‚a #NormalnaPolska z #Trzaskowski2025 MoÅ¼esz pomÃ³c w kampanii. Polub, podaj dalej, nie bÄ…dÅº obojÄ™tny.
@trzaskowski_
@Trzaskowski2O25 https://t.co/myv85avK0K",Thu Apr 10 19:40:41 +0000 2025,7,257,1626
66,joanna marczok,"Mam i Ja w dniu premiery ğŸ“– ""RafaÅ‚. RafaÅ‚ Trzaskowski w rozmowie z DonatÄ… Subbotko"" #Trzaskowski2025 #TrzaskowskiTeam https://t.co/omcarPU0oE",Wed Apr 09 20:49:03 +0000 2025,1,22,591
67,PaweÅ‚ BliÅºniuk,SZACH-MATâ—ï¸A po debacie spotkanie z @trzaskowski_ Bo wybory wygrywa siÄ™ w KoÅ„skich. Zapraszamy. â˜ºï¸ #debata #Trzaskowski2025 https://t.co/UU0hoxxelV,Thu Apr 10 20:10:56 +0000 2025,4,110,2869
68,marta lipnicka ğŸ‡µğŸ‡±ğŸ‡ªğŸ‡º #Trzaskowski2025,"od rana trzaskam, bo to powinnoÅ›Ä‡ a nie Å‚aska...tylko mocne trzaski zaprowadzÄ… RafaÅ‚a do PaÅ‚acu=âœŒï¸
#Trzaskowski2025 https://t.co/nOpcTOIjFb",Sun Apr 06 05:44:52 +0000 2025,64,279,2191
69,Marcin,"ProszÄ™ PaÅ„stwa Trzaskamy jeszcze 38 dniâ€¼ï¸â€¼ï¸â€¼ï¸
Trzaskamy Trzaskamy i to tak by wygraÄ‡ w pierwszej rundzieâ€¼ï¸
ğŸ¤ 

#GosiaIdzieZTrzaskiem 
#Trzaskowski2025 https://t.co/qiBc5wSt0L",Wed Apr 09 13:53:56 +0000 2025,34,307,1988
70,m@len@ â˜•,"RafaÅ‚ Trzaskowski to najlepszy wybÃ³r!
#Trzaskowski2025 
#TrzaskamyPierwszÄ…TurÄ™ 
#TrzaskowskiTeam",Wed Apr 09 21:14:13 +0000 2025,0,2,17
71,Czarnobrody,"RafaÅ‚ Trzaskowski, to nasz wybÃ³r,
Polska z nim Zyska, to jest pewne!
Miasta rozkwitnÄ…, zyskamy siÅ‚Ä™, WspÃ³lnie z RafaÅ‚em pÃ³jdziemy w przyszÅ‚oÅ›Ä‡ milÄ™!
#Trzaskowski2025",Thu Apr 10 13:09:03 +0000 2025,1,27,116
72,Aneta Janczuk,RafaÅ‚ Trzaskowski w Wieluniu a za nim mÅ‚ody uÅ›miechniÄ™ty i dumny chÅ‚opak z flagÄ…. Brawo Mistrz drugiego planu adekwatnie reagujÄ…cy na sÅ‚owa RafaÅ‚a #Trzaskowski2025 #WieluÅ„NaprzÃ³d,Thu Apr 10 15:02:42 +0000 2025,1,1,57
73,Lord Polnord ğŸ´,"Magister UW, doktor nauk politycznych, stypendysta Oxfordu i Natolina.
RafaÅ‚ to nie tylko polityk, to czÅ‚owiek z wiedzÄ…, doÅ›wiadczeniem i obyciem. W wyborach prezydenckich liczÄ… siÄ™ kompetencje i zaangaÅ¼owanie na rzecz ğŸ‡µğŸ‡±
I on je ma. ProszÄ™ o RT

#Trzaskamy #SnaW #Trzaskowski2025 https://t.co/S7C9pwWxey",Thu Apr 10 08:54:24 +0000 2025,258,2280,30285
74,Trzaskowski NaprzÃ³d,"Nie zwalniamy tempa! #ObywateleNaprzÃ³d w caÅ‚ej Polsce! 
 âœ…Wy teÅ¼ moÅ¼ecie doÅ‚Ä…czyÄ‡: https://t.co/2lsl5cyhPY
PokaÅ¼my nasze wsparcie - wywieÅ›my baner, udostÄ™pnijmy post, rozmawiajmy z niezdecydowanymi, a wszystko to, by #Trzaskowski2025 wygraÅ‚ wybory 18 maja ğŸ—³ï¸ https://t.co/J1lD3Wdzbv",Mon Apr 07 12:15:51 +0000 2025,42,419,5270
75,Iwona Åšmieja,"RafaÅ‚ wspiera polskich producentÃ³w 
#Trzaskowski2025",Tue Apr 08 20:15:23 +0000 2025,1,24,153
76,Natalia Kita,"Karol. Karol! 
Oddychaj gÅ‚Ä™boko! ğŸ˜
#Trzaskowski nie gryzie! 
#Trzaskowski2025",Thu Apr 10 16:54:43 +0000 2025,0,67,331
77,TRZ A dam,"Na SmoleÅ„sku nie tylko doszli do wÅ‚adzy, zrobili coÅ› duÅ¼o gorszego. Podzielili narÃ³d na dekady. SkÅ‚Ã³cili rodziny i przyjaciÃ³Å‚. Nie wybaczÄ™ tego. JarosÅ‚aw i jego akolici muszÄ… odejÅ›Ä‡ z polityki na zawsze.
W maju wszyscy moÅ¼emy im w tym pomÃ³c 
GÅ‚osuj na RafaÅ‚a
#Trzaskowski2025 https://t.co/YMci6yRaN3",Mon Apr 07 10:27:26 +0000 2025,19,727,4253
78,Artur Dunin,"ğŸ”¥ Jest moc, @trzaskowski_ wzywa #Nawrocki do debaty! Batyr chyba nie jest na to gotowyâ€¦ ğŸ˜¬

#Trzaskowski2025 #Debata",Wed Apr 09 05:46:14 +0000 2025,28,68,1021
79,Kobiety na Wybory | Kobiety z Trzaskiem,"ğŸ’œ RafaÅ‚ Trzaskowski sÅ‚ucha mÅ‚odych, wspiera ich i daje przestrzeÅ„ do dziaÅ‚ania. WÅ‚aÅ›nie takiego prezydenta nam trzeba.

Do zobaczenia przy urnach? ğŸ¤”

#kobietyztrzaskiem #kobietynawybory #trzaskowski2025 https://t.co/OemhJbN76Z",Thu Apr 10 09:42:11 +0000 2025,30,296,2592
80,Dawid Albowicz,"RafaÅ‚ Trzaskowski zaprasza na debatÄ™!
ğŸ“ KoÅ„skie
ğŸ—“ï¸ 11 kwietnia
â° godz. 20:00

PrzyjdÅº, posÅ‚uchaj!
Czas na nowÄ… energiÄ™ dla Polski! âš¡ï¸
Nie przegap! ğŸ”¥ğŸ—³ï¸

#Trzaskowski2025 #Debata #Wybory2025 #KoÅ„skie #CalaPolskaNaprzÃ³d ğŸ‡µğŸ‡±â¤ï¸â€ğŸ”¥ https://t.co/RyGcljOlV2",Wed Apr 09 14:36:50 +0000 2025,15,172,3374
81,JarosÅ‚aw Zbaw Herszt z Å»oliborza #Trzaskowski 2025,"GÅ‚osuj na RafaÅ‚a #NormalnaPolska z #Trzaskowski2025 MoÅ¼esz pomÃ³c w kampanii. Polub, podaj dalej, nie bÄ…dÅº obojÄ™tny.
@trzaskowski_
@Trzaskowski2O25 https://t.co/X8Qw2HanTP",Thu Apr 10 04:35:23 +0000 2025,9,297,1316
82,CeliRe #K15X,"Z FB
Zinterpretujcie sobie sami.

Dla mnie tylko RafaÅ‚ i Gosia â¤ï¸

#Trzaskowski2025 
#TrzaskamyPierwszÄ…TurÄ™ https://t.co/6FFfQG3qvk",Tue Apr 08 05:54:20 +0000 2025,0,7,25
83,Filip,"Nawrocki wymyÅ›liÅ‚ tÄ… debatÄ™ w KoÅ„skich, wiÄ™c chyba nie zrezygnuje teraz, gdy Trzaskowski odpowiedziaÅ‚.
#Trzaskowski2025 https://t.co/ZECDiW7L4J",Wed Apr 09 07:07:32 +0000 2025,1,5,82
84,Arturo Gavito,"Tylko RafaÅ‚ jest Gwarantem PraworzÄ…dnoÅ›ci i Tolerancji w Polsce! 
Razem dla lepszej przyszÅ‚oÅ›ci!"" #Trzaskowski2025 https://t.co/csJFSzSAWY",Wed Apr 09 15:49:54 +0000 2025,0,5,80
85,Kacper Urbaniak #TargoÅ„ski2030,"Mam i ja. Ponad 400 stron RafaÅ‚a. ZdobyÄ‡ podpis przed czy po tym jak zostanie Prezydentem RP?
#Trzaskowski2025
#TrzaskamyPierwszÄ…TurÄ™ https://t.co/4NomoQIqag",Tue Apr 08 11:57:45 +0000 2025,95,230,2361
86,Radoslaw Szafarz,"BÄ…Å¼ur, Drogie, UÅ›miechniÄ™te, TrzaskiğŸ‡µğŸ‡±ğŸ‡ªğŸ‡º!

CaÅ‚y Å›wiat bÄ™dzie ich nam bardzo zazdroÅ›ciÅ‚!

ZaÅ‚atwmy to w pierwszej turze! Trza!

#Trzaskowski2025 https://t.co/nI2CRM3DZq",Tue Apr 08 06:24:20 +0000 2025,21,293,1521
87,HerrBambo,"#Trzaskowski2025 18 maja 2025r. GÅ‚osujemy na 
@trzaskowski_.
GÅOSUJEMY NA NORMALNOÅšÄ†!!!!
SZCZÄ˜ÅšLIWEJ POLSKI JUÅ» CZAS!!! https://t.co/3tVAj09O3O",Mon Apr 07 17:04:03 +0000 2025,0,3,31
88,Marta Pasieka #SiÃ³demkaTeam,"Karol chciaÅ‚ debaty w KoÅ„skich. RafaÅ‚ mÃ³wi sprawdzam. Czy Nawrockiemu wystarczy odwagi?

#Debata
#Trzaskowski2025",Wed Apr 09 06:44:51 +0000 2025,0,10,84
89,ElÅ¼bieta PÅ‚atek,"OtÃ³Å¼ to, RafaÅ‚ Trzaskowski to dobry polityk, ale teÅ¼ super goÅ›Ä‡â£ï¸
#Trzaskowski2025 âœŒï¸ğŸ‡µğŸ‡±ğŸ‡ªğŸ‡º",Wed Apr 09 20:08:04 +0000 2025,0,11,64
90,Aleksandra Zawisza-Wiatrowska #Trzaskowski2025,"HoÅ‚ownia pozwaÅ‚ Mentzena w trybie wyborczym. Jest decyzja. Tzw. Memcen z grupy zjadaczy psÃ³w ""RozpowszechniaÅ‚ nieprawdziwe informacje"", czyli Å‚gaÅ‚. Rzyg, rzyg.
#RuskaKonfaOut
#KarolMemcenDwaPrzegrywy
https://t.co/0VXUWyLauu
Jedyny godny - RafaÅ‚ #Trzaskowski2025 https://t.co/K5zO8CYqvm",Wed Apr 09 15:47:17 +0000 2025,1,87,781
91,BoÅ¼ena Lisowska,"Codziennie z uporem maniaka ktoÅ› odcina banery @trzaskowski_ w Lublinie na ul MeÅ‚giewskiej âš ï¸
Codziennie je poprawiamy i nie odpuszczamy ğŸ’ªğŸ»ğŸ’ªğŸ»ğŸ’ªğŸ»
JesteÅ›my zdeterminowani jak wszyscy, ktÃ³rzy sÄ… w druÅ¼ynie najlepszego kandydata na Prezydenta RP ğŸ‡µğŸ‡±
#Trzaskowski2025 #Trzaskamy https://t.co/VxUOjtTYGY",Thu Apr 10 10:36:14 +0000 2025,57,332,2506
92,Waldy Dzikowski,"KogoÅ› naprawdÄ™ dziwi, Å¼e RafaÅ‚ Trzaskowski nie chce iÅ›Ä‡ na debatÄ™ do TV ZaRublika? Szambo siÄ™ omija, a nie w nie wchodzi. Jak najbardziej sÅ‚uszna decyzja @trzaskowski_ â€¼ï¸

#Trzaskowski2025 #TrzaskowskiTeam",Wed Apr 09 07:23:50 +0000 2025,33,314,3508
93,Trzaskowski2025,Brzydka pogoda Kaliszowi niestraszna! ğŸ˜‰ #Trzaskowski2025 https://t.co/4DGkAihE6T,Thu Apr 10 13:27:13 +0000 2025,45,480,8326
94,Ewapunktuje,MÃ³j prezydent RafaÅ‚ Trzaskowski #Trzaskowski2025,Thu Apr 10 13:06:16 +0000 2025,0,14,84
95,Martin Smith,"Tylko RafaÅ‚ ğŸ’ªğŸ˜ğŸ‡µğŸ‡±
#Trzaskowski2025 
#TrzaskamyPierwszÄ…TurÄ™ 
#TrzaskowskiTeam",Wed Apr 09 13:59:31 +0000 2025,0,3,28
96,Martin Smith,"RafaÅ‚ ğŸ’ªğŸ‡µğŸ‡±ğŸ˜ƒ
#Trzaskowski2025 
#TrzaskamyPierwszÄ…TurÄ™ 
#TrzaskowskiTeam",Thu Apr 10 05:09:51 +0000 2025,0,1,7
97,Maciej Marciniak,"Trzaskowski trafnie zauwaÅ¼a: im wiÄ™cej mÃ³wi Konfederacja, tym wyraÅºniej widaÄ‡, co naprawdÄ™ myÅ›lÄ…. Dobrze sÅ‚uchaÄ‡ uwaÅ¼nie â€“ miÄ™dzy wierszami czÄ™sto kryje siÄ™ wiÄ™cej niÅ¼ w hasÅ‚ach.  #Trzaskowski2025",Thu Apr 10 21:32:08 +0000 2025,0,12,72
98,Krzysztof Truskolaski,"JuÅ¼ za pÃ³Å‚ godziny zaczynamy spotkanie otwarte RafaÅ‚a Trzaskowskiego w BiaÅ‚ymstoku!
Do zobaczenia!

#Trzaskowski2025 #BiaÅ‚ystok #Spotkanie https://t.co/WAywdAOH84",Sun Apr 06 12:15:03 +0000 2025,143,628,11397
99,Magda-GdaÅ„sk,"RafaÅ‚ ma mÃ³j gÅ‚os âœŒï¸âœŒï¸âœŒï¸
#TrzaskamyPierwszÄ…TurÄ™ 
#Trzaskowski2025",Thu Apr 10 18:13:59 +0000 2025,1,18,156
100,Aleksandra Zawisza-Wiatrowska #Trzaskowski2025,"W mÅ‚odoÅ›ci RafaÅ‚ Trzaskowski miaÅ‚ szansÄ™ na to, by staÄ‡ siÄ™ filmowÄ… gwiazdÄ…. Po zagraniu w miniserialu z udziaÅ‚em Witolda Pyrkosza i BoÅ¼eny Dykiel, spodobaÅ‚ siÄ™ twÃ³rcom ""Akademii Pana Kleksa"" i zaproponowano mu gÅ‚Ã³wnÄ… rolÄ™ Adasia NiezgÃ³dki. RafaÅ‚ odmÃ³wiÅ‚.
#Trzaskowski2025 https://t.co/IJgrkm2BMb",Thu Apr 10 00:51:56 +0000 2025,2,71,553
101,Piotr O.,"RafaÅ‚ Trzaskowski, najlepszy kandydat na prezydenta RP ğŸ‡µğŸ‡±

#Trzaskowski2025",Thu Apr 10 17:42:05 +0000 2025,0,2,24
102,ElÅ¼bieta PÅ‚atek,"Tak, RafaÅ‚ Trzaskowski to najlepszy wybÃ³râ£ï¸
#Trzaskowski2025 âœŒï¸ğŸ‡µğŸ‡±ğŸ‡ªğŸ‡º",Wed Apr 09 18:30:54 +0000 2025,5,188,1010
103,Ula #Trzaâ£ï¸,"Wina Tuska ğŸ˜ğŸ’ª
MÃ³j premier, bez dwÃ³ch zdaÅ„!

A prezydent Trzaskowskiâ£ï¸

#Trzaskowski2025 
#TrzaskamyPierwszÄ…TurÄ™",Thu Apr 10 12:04:02 +0000 2025,0,23,151
104,ElÅ¼bieta PÅ‚atek,"Bardzo dobry kierunek politycznej podrÃ³Å¼y.
Tylko RafaÅ‚, tylko #Trzaskowski2025 âœŒï¸ğŸ‡µğŸ‡±ğŸ‡ªğŸ‡º",Wed Apr 09 18:43:02 +0000 2025,0,10,54
105,Senator Jerzy WcisÅ‚a,"RafaÅ‚ Trzaskowski nieprzerwalnie liderem! ğŸ”¥ğŸ’ª

Wszyscy ciÄ™Å¼ko pracujemy na rzecz RafaÅ‚a, bo chcemy normalnego Prezydenta, ktÃ³rego nie bÄ™dziemy siÄ™ wstydziÄ‡. WierzÄ™, Å¼e nam siÄ™ udaâ—ï¸

#Trzaskowski2025",Tue Apr 08 09:15:37 +0000 2025,0,4,94
106,ANTYtusk Nasz Prezydent Karol Nawrocki,"#RafaÅ‚sz
#Trzaskowski2025 
@trzaskowski_ 
RafaÅ‚ Trzaskowski je tylko ogÃ³rkiğŸ¥’ z wiadrağŸª£, 
bo jak mÃ³wi, Å‚eb mu siÄ™ do sÅ‚oikağŸ«™ nie mieÅ›ci
ğŸ˜…ğŸ˜‚ğŸ¤£ğŸ¥’ğŸ«™ğŸª£ https://t.co/LLD4mLxPZi",Thu Apr 10 19:10:34 +0000 2025,0,0,45
107,Artur Dunin,"ğŸ‡µğŸ‡± Senacki klub @ko_klub jasno wspiera przyszÅ‚ego Prezydenta RP @trzaskowski_ ğŸ¤â¤ï¸

#Trzaskowski2025",Thu Apr 10 14:23:45 +0000 2025,1,24,269
108,Emi#SnaW #FBPE,"MÃ³wiÄ…,Å¼e Podlasie to trudny teren, ale nie dla RafaÅ‚a @trzaskowski_ 
BiaÅ‚ystok ğŸ”¥ğŸ”¥ğŸ”¥
#Trzaskowski2025 ğŸ¤â¤ï¸ https://t.co/yqys1LAxyG",Sun Apr 06 18:16:51 +0000 2025,16,318,4148
109,ğ•¸ğ–†ğ–—ğ–ˆğ–ğ–“_ğ•´ğ–ˆğ–Šğ–‘ğ–†ğ–“ğ–‰ ğŸ‡®ğŸ‡¸,"GÅ‚osuj na RafaÅ‚a Trzaskowskiego! Wspieraj lidera, ktÃ³ry Å‚Ä…czy PolskÄ™. #Trzaskowski2025 #CaÅ‚aPolskaNaprzÃ³d #Poland #Vote https://t.co/1u3TPNLv7k",Tue Apr 08 13:47:58 +0000 2025,31,417,4864
110,Ewapunktuje,"DzieÅ„ dobry 
MÃ³j prezydent RafaÅ‚ Trzaskowski #Trzaskowski2025",Thu Apr 10 05:56:24 +0000 2025,2,18,133
111,Szymon Komorowski,"JuÅ¼ za 38 dni moÅ¼emy sprawiÄ‡, Å¼e po tych dÅ‚ugich 10 latach Polska bÄ™dzie mieÄ‡ znÃ³w PierwszÄ… DamÄ™, ktÃ³rej bardzo teraz potrzebuje i na jakÄ… po prostu zasÅ‚uguje! âœŒï¸â™¥ï¸ğŸ‡µğŸ‡±

@trzaskowski_ #Trzaskowska #WyboryPrezydenckie2025 #MaÅ‚gorzataTrzaskowska #Trzaskowski2025 https://t.co/DsXEzdSRCJ",Thu Apr 10 17:38:10 +0000 2025,1,16,323
112,Agnes,"Do zwyciÄ™stwa @trzaskowski_ coraz bliÅ¼ej ale nie zwalniamy, TRZASKamy! #Trzaskowski2025 #TrzaskamyPierwszÄ…TurÄ™ #Trzaskamy",Thu Apr 10 07:03:06 +0000 2025,1,100,413
113,Boska,"Ludzie kochaniâ€¼ï¸Wiele siÄ™ dzieje, ale nie zapominajmy, Å¼e robota jestâ€¼ï¸ Promocja najlepszego Prezydenta @Trzaskowski2O25 to nasz Å›wiÄ™ty obowiÄ…zekâ€¼ï¸Trzaskamyâ€¼ï¸Jedna tura coraz bardziej realna ğŸ¤â¤ï¸
#Trzaskowski2025 
#TrzaskamyPierwszÄ…TurÄ™ https://t.co/t9ViKsLlVx",Wed Apr 09 15:36:12 +0000 2025,116,845,7730
114,Viola ğŸ‡µğŸ‡±âœŒï¸ğŸ‡ªğŸ‡º,"Wstaje rano pijÄ™ kawÄ™ i myÅ›lÄ™ sobie,Å¼e Polacy to mÄ…dry narÃ³d nie wybierze juÅ¼ nigdy czÅ‚owieka,ktÃ³ry bÄ™dzie dzieliÅ‚, kÅ‚amaÅ‚,niszczyÅ‚ praworzÄ…dnoÅ›Ä‡,przynosiÅ‚ wstyd narodowi,lekcewaÅ¼yÅ‚,kryÅ‚ przestÄ™pcÃ³w,krzyczaÅ‚ i robiÅ‚ gÅ‚upie miny!Dlatego wybieram #Trzaskowski2025 dla dobra Polskiâ€¼ï¸ https://t.co/wuJWdVXSCk",Tue Apr 08 05:37:25 +0000 2025,4,477,2302
115,Szymon Komorowski,"Szkolenie wojskowe, ktÃ³re przeszedÅ‚ kandydat @trzaskowski_ siÄ™ przyda.

Nie tylko w przypadku ewentualnej wojny.

Przyda ono siÄ™ takÅ¼e niedÅ‚ugo, gdy zostanie Prezydentem Polski i najwyÅ¼szym zwierzchnikiem armii, siÅ‚ zbrojnych Rzeczypospolitej Polskiej!âœŒï¸â™¥ï¸ğŸ‡µğŸ‡±

#Trzaskowski2025 https://t.co/od11Es9rTl",Thu Apr 10 11:40:09 +0000 2025,0,10,244
116,Urszula Sara ZieliÅ„ska ğŸŒ»,"Tylko @trzaskowski_ ğŸŒ»ğŸ’šğŸ’ª

@Zieloni @Trzaskowski2O25 #Trzaskowski2025 https://t.co/XnKv1rv3Sp",Wed Apr 09 10:35:30 +0000 2025,18,29,1139
117,Trzaskowski2025,"DziÅ› zakoÅ„czyliÅ›my dzieÅ„ w Wieluniu, a jutroâ€¦ Ruszamy do KoÅ„skich! ğŸ˜‰
#Trzaskowski2025 https://t.co/nvcWNe55py",Thu Apr 10 16:40:42 +0000 2025,132,471,13587
118,Trzaskowski NaprzÃ³d,"#Garwolin dziÄ™kujemy za ciepÅ‚e przyjÄ™cie, rozmowy i sÅ‚owa wsparcia dla #Trzaskowski2025 #ObywateleNaprzod ğŸ“£ğŸ“£ğŸ“£ https://t.co/elhn5hOwWt",Wed Apr 09 05:47:30 +0000 2025,7,244,11051
119,Dawid Albowicz,"@KarolNawrocki, Trzaskowski czeka w KoÅ„skich na debatÄ™ â€“ piÄ…tek, 20:00â°. MÃ³wiÅ‚eÅ› o pierwiastku mÄ™skoÅ›ciğŸ’ª, wiÄ™c pokaÅ¼, Å¼e go masz! Nie wymiÄ™kajğŸ™…â€â™‚ï¸, przyjedÅº i staÅ„ do debatyğŸ”¥! 
#DebataWKoÅ„skich #OdwagiKarol #Trzaskowski2025",Thu Apr 10 16:37:50 +0000 2025,5,55,687
120,MaÅ‚gorzata CaÅ‚ka ğŸ‡µğŸ‡±ğŸ‡ªğŸ‡ºğŸ‡ºğŸ‡¦,"To jest RafaÅ‚ #Trzaskowski2025, kandydat na Prezydenta RP, na ktÃ³rego warto oddaÄ‡ swÃ³j gÅ‚os ğŸ‘ŠğŸ¤âœŒï¸ğŸ‡µğŸ‡±",Thu Apr 10 15:46:23 +0000 2025,3,24,168
121,Ula #Trzaâ£ï¸,"KoÅ„skie gotowe na TRZASKi? Na pewno ğŸ˜Š.  Wiec po debacie! Super pomysÅ‚! ğŸ˜Š

Prezydent Trzaskowski w KoÅ„skich, jutro o 20:00

#Trzaskowski2025
#TrzaskamyPierwszÄ…TurÄ™",Thu Apr 10 20:47:52 +0000 2025,0,14,116
122,Krzysztof BrejzağŸ‡µğŸ‡±ğŸ‡ªğŸ‡ºğŸ‡¬ğŸ‡ªğŸ‡ºğŸ‡¦,"DziÅ› RafaÅ‚ Trzaskowski w Kaliszu i Wieluniu #Trzaskowski2025 

https://t.co/zEYK458uc7",Thu Apr 10 08:07:57 +0000 2025,15,187,4963
123,Kristof-t,"DruÅ¼yno!!!

WieluÅ„ i KALISZ!
Nie Pan Panie @RyszardKalisz choÄ‡ pewnie byÅ‚o by miÅ‚o Pana teÅ¼ goÅ›ciÄ‡! ğŸ˜‚ğŸ˜˜

ZbieraÄ‡ mÅ‚odych, niezdecydowanych - robiÄ‡ haÅ‚as z kulturÄ… i @trzaskowski_ 

#Trzaskowski2025 
#CalaPolskaNaprzÃ³d 
#mÅ‚odzinawybory
#KobietyzTrzaskiem 
ğŸ‘‡ğŸ‘‡ğŸ‘‡ğŸ‘‡ğŸ‘‡ğŸ‘‡",Thu Apr 10 06:18:04 +0000 2025,0,75,529
124,Kabanka28 #Trzaskowsk2025 #SnaW,"Premiera ksiÄ…zki ""RafaÅ‚"".
Wywiad rzeka z przyszÅ‚ym Prezydentem.
#Trzaskowski2025 
#CaÅ‚aPolskNaprzÃ³d",Wed Apr 09 09:54:27 +0000 2025,1,6,116
125,Jagna MarczuÅ‚ajtis-Walczak,Dzisiaj Kalisz. Jak widaÄ‡ wyborcy @trzaskowski_ nie bojÄ… siÄ™ zimna :) #Trzaskowski2025 #CalaPolskaNaprzÃ³d,Thu Apr 10 14:33:01 +0000 2025,0,11,504
126,Martin Smith,"Trzaskamy, tylko RafaÅ‚ ğŸ‡µğŸ‡±ğŸ’ªğŸ˜ƒ
#Trzaskowski2025 
#TrzaskamyPierwszÄ…TurÄ™ 
#TrzaskowskiTeam",Thu Apr 10 05:20:15 +0000 2025,2,28,187
127,Monika #SiÃ³demkaTeam,"Nie mogÄ™ siÄ™ doczekaÄ‡, jak nasz RafaÅ‚ #Trzaskowski2025 merytorycznie zmiecie kandydata od #PisowskieSzuje",Thu Apr 10 09:50:07 +0000 2025,5,69,904
128,Ula #Trzaâ£ï¸,"Debata w KoÅ„skich, jutro o 20! ğŸ’ªğŸ¤â™¥ï¸
Prezydent RafaÅ‚ Trzaskowski i ... No wÅ‚aÅ›nie. ğŸ˜

Nawrocki stchÃ³rzy, tak obstawiam. WywinÄ… jakiegoÅ› fikoÅ‚ka, Å¼eby tylko nie byÄ‡ ğŸ¤£

#Trzaskowski2025
#TrzaskamyPierwszÄ…TurÄ™",Thu Apr 10 14:14:28 +0000 2025,0,6,69
129,Andrzej,"Debata pod znakiem zapytania?
Sztab Nawrockiego wymiÄ™ka?
RafaÅ‚ twardo: jutro czekam o 20 w KoÅ„skichğŸ‘
JeÅ¼eli Nawrocki nie przyjedzie to bÄ™dzie koniec jego kampanii, jeÅ¼eli przyjedzie to RafaÅ‚ sprawi, Å¼e to rÃ³wnieÅ¼ bÄ™dzie koniec kampanii Nawrockiego.
#Trzaskowski2025 https://t.co/AT1pyMinER",Thu Apr 10 14:44:59 +0000 2025,61,404,7063
130,MaÅ‚gorzata Niemczyk,Tylko prezydent @trzaskowski_ . ğŸ’ª#Trzaskowski2025 ğŸ‡µğŸ‡±âœŒï¸,Thu Apr 10 16:43:16 +0000 2025,0,19,255
131,Joanna Bartnik,"Jutro debataâ€¼ï¸ Jutro potwierdzi siÄ™, Å¼e mamy tylko jednego kandydata. To @trzaskowski_ #Trzaskowski2025",Thu Apr 10 18:11:52 +0000 2025,6,101,675
132,air_kadiush #FBPE,"ğŸ“£RafaÅ‚ @trzaskowski_ zezÅ‚omowaÅ‚ pachoÅ‚ka Karnowskich ze Szczujnia24.
ğŸ’ ChciaÅ‚ nieborak zabÅ‚ysnÄ…Ä‡, ale zapomniaÅ‚ z kim siÄ™ mierzy. No i dostaÅ‚ po Å‚apach. 
RafaÅ‚ Miszczâ€¼ï¸
Obejrzyjcie, bo to hit. 
ğŸ’¥ğŸ’¥ğŸ’¥
#Trzaskowski2025 ğŸ‡µğŸ‡±âœŒï¸
#KobietyZTrzaskiem 
#OdwagiKarolu https://t.co/cgjAj7YWJI",Wed Apr 09 10:41:53 +0000 2025,27,942,24550
133,RyszardBrejza,"Trzaskowski = BezpieczeÅ„stwo = PrzyszÅ‚oÅ›Ä‡ = Polska âœŒï¸ğŸ‡µğŸ‡±ğŸ‡ªğŸ‡º
18 maja tylko @Trzaskowski2O25 @trzaskowski_ âœŒï¸
#Trzaskowski2025",Thu Apr 10 21:03:36 +0000 2025,21,127,4836
134,Iwona P,"RafaÅ‚ Trzaskowski, czÅ‚owiek odpowiedzialny i taktowny, zostanie Prezydentem, za ktÃ³rego nie bÄ™dziemy siÄ™ wstydziÄ‡.
A dzisiaj to naprawdÄ™ waÅ¼na cecha, szczegÃ³lnie gdy siÄ™ posÅ‚ucha wypowiedzi jednego z waÅ¼nych, niestety, przywÃ³dcÃ³w.
#Trzaskowski2025 âœŒï¸",Wed Apr 09 10:41:58 +0000 2025,0,14,124
135,Agnieszka Filipkowska,"PiS i Nawrocki bojÄ… siÄ™ starcia z @trzaskowski_. Zero zdziwienia. Prawda moÅ¼e zaboleÄ‡.

#Trzaskowski2025",Thu Apr 10 13:48:16 +0000 2025,7,105,777
136,Trzaskowski NaprzÃ³d,"WspÃ³lnie tworzymy druÅ¼ynÄ™ poparcia @trzaskowski_ â—ï¸
Dajcie znaÄ‡, gdzie mamy Was odwiedziÄ‡ ğŸ¤—

ğŸ“§ obywatele@trzaskowski.pl 

#ObywateleNaprzod https://t.co/EvIPLk5EGr",Tue Apr 08 16:49:20 +0000 2025,35,273,6604
137,Iza Scilba ğŸ“,"W zderzeniu z @trzaskowski_ Nawrocki wypada jak prowincjonalny aparatczyk â€“ pozbawiony charyzmy, treÅ›ci, jÄ™zykowej ogÅ‚ady. KaÅ¼de jego wystÄ…pienie to festiwal pustosÅ‚owia, przerywany tym charakterystycznym rÅ¼eniem, ktÃ³re ma chyba zastÄ…piÄ‡ argument.#Trzaskowski2025 #KobietyNaWybory",Thu Apr 10 13:45:01 +0000 2025,0,18,177
138,dieta mix dieta mix. #trzaskowski2025,"Jakim prawem to legimityzujecie?? ğŸ¤”ğŸ¤¦ Co to ma byÄ‡ ,  przecieÅ¼ demokratyczni wyborcy odpÅ‚ynÄ…, jak moÅ¼na takie szkolne bÅ‚Ä™dy robiÄ‡, zaRublika za chwilÄ™ nie bÄ™dzie, szczujnia i pomyja za paÅ„stwowe pieniÄ…dzeğŸ¤¦nie rÃ³bcie tegoğŸ˜¡ğŸ¤¦ #Trzaskowski2025 ma wygraÄ‡??? https://t.co/JhSwTruoCq",Thu Apr 10 08:24:23 +0000 2025,7,38,736
139,#Nawrocki2025,ğŸ”¥ Karol Nawrocki mocno do RafaÅ‚a Trzaskowskiego ğŸ‘‡ #Nawrocki2025 https://t.co/doAX41dgcS,Wed Apr 09 10:00:14 +0000 2025,427,2142,57271
140,Marek Sowa,"Chcesz powiesiÄ‡ baner RafaÅ‚a Trzaskowskiego tak jak mÃ³j Tato? WyÅ›lij SMS o treÅ›ci â€œ1â€ na numer 3636 i doÅ‚Ä…cz do naszej druÅ¼yny!

#Trzaskowski2025ğŸ‡µğŸ‡± https://t.co/4RPeen3jI8",Sun Apr 06 16:38:03 +0000 2025,65,356,5068
141,radecky_pl,"Brawo @trzaskowski_ ğŸ’ªğŸ¤â¤ï¸ 
Zobaczymy teraz ile warte sÄ… pokrzykiwania Nawrockiegoâ€¦ ğŸ˜… 
#Trzaskowski2025 
#TrzaskamyPierwszÄ…TurÄ™",Wed Apr 09 05:57:40 +0000 2025,4,110,636
142,Patryk Jaskulski,"Jest moc w Szczecinie! Ludzie sami podchodzÄ… i proszÄ…, Å¼eby zawiesiÄ‡ baner @trzaskowski_ na ich pÅ‚ocie. â¤ï¸âœŒï¸#Trzaskowski2025 #CaÅ‚aPolskaNaprzÃ³d https://t.co/Hjkc6LCT9Q",Wed Apr 09 07:14:30 +0000 2025,217,1201,27389
143,MichaÅ‚ Krawczyk,"BiaÅ‚a Podlaska NaprzÃ³d! 

Widzimy siÄ™ we wtorek o 17:30! 
Nie moÅ¼e Was zabraknÄ…Ä‡!

#Trzaskowski2025 ğŸ‡µğŸ‡±ğŸ’ªğŸ» https://t.co/FV4nsnOcjY",Tue Apr 08 15:51:45 +0000 2025,56,332,3478
144,ElÅ¼bieta Anna Polak,"Panie Karolu Nawrocki , moÅ¼e siÄ™ pan wykazaÄ‡ juÅ¼ w ten piÄ…tek. @trzaskowski_  zaprasza, ale pytania bÄ™dÄ… zadawaÄ‡ dziennikarze. 
Czekamy na debatÄ™!
#Trzaskowski2025",Wed Apr 09 08:41:21 +0000 2025,5,27,352
145,Trzaskowski NaprzÃ³d,"Obywatele NaprzÃ³d!  

Ruszamy w PolskÄ™ ğŸšŒğŸ—ºï¸ğŸ“

Obywatelki, obywatele bÄ…dÅºcie z nami. Odwiedzimy wszystkie wojewÃ³dztwa, aby spotkaÄ‡ siÄ™ z Wami!

Mamy wspÃ³lny cel: 18 maja caÅ‚a Polska gÅ‚osuje na RafaÅ‚a ğŸ—³ï¸

@Gasiuk_Pihowicz @KubaRutnicki @Kwiatkowski2011 

#ObywateleNaprzod https://t.co/SO3G90iQc6",Sun Apr 06 11:24:20 +0000 2025,21,476,16234
146,Trzaskowski2025,"Dla Mentzena najwaÅ¼niejszy jest jego wÅ‚asny interes, a nie interes spoÅ‚eczeÅ„stwaâ—ï¸

#Trzaskowski2025 https://t.co/ecvCjSdo4f",Thu Apr 10 17:00:00 +0000 2025,365,648,46918
147,mgr ğ“Ÿğ“ªğ“¿ğ“¾ğ“µğ“¸ğ“·ğŸ‡µğŸ‡±â¤ï¸,Trzaskamy gdzie siÄ™ da. #Trzaskowski2025 juÅ¼ niedÅ‚ugo prezydentem wszystkich PolakÃ³w https://t.co/w3xzQSMRgZ,Thu Apr 10 17:46:18 +0000 2025,99,1008,14437
148,Dariusz #SolidarniZTuskiem,"Kalisz
@trzaskowski_ dba o zdrowie i bezpieczeÅ„stwo PolakÃ³w ğŸ‘ŠğŸ˜‚
CAÅA POLSKA NAPRZÃ“D ğŸ‡µğŸ‡±âœŒï¸
#Trzaskowski2025 https://t.co/ModQhSUVU0",Thu Apr 10 14:00:57 +0000 2025,13,208,2703
149,Magdalena Filiks ğŸ‡µğŸ‡±ğŸ‡ªğŸ‡º,"Zaczyna byÄ‡ zabawne, Å¼e kandydaci w wyborach prezydenckich oczekujÄ…, Å¼e prezydent Trzaskowski bÄ™dzie siÄ™ z nimi pokazywaÅ‚, Å¼eby im podbijaÄ‡ sondaÅ¼e 
Brakuje jeszcze, Å¼eby chcieli pÅ‚aciÄ‡ za zdjÄ™cia z RafaÅ‚em Trzaskowskim ğŸ˜‚
#Trzaskowski2025",Thu Apr 10 06:55:21 +0000 2025,678,3356,62836
150,Dorota Pytel,"RafaÅ‚ mocno w gÃ³rÄ™, Nawrocki mocno w dÃ³Å‚. Lekki wzrost HoÅ‚owni. I oby ta tendencja utrzymaÅ‚a siÄ™ do maja.
#Trzaskowski2025
#TrzaskamyPierwszÄ…TurÄ™",Tue Apr 08 05:43:21 +0000 2025,8,170,1362
151,Trzaskowski2025,"Akcja Obywatele NaprzÃ³d to bÄ™dzie wielki ruch wszystkich chcÄ…cych transparentnoÅ›ci, praworzÄ…dnoÅ›ci, wolnoÅ›ci! Tego, czego chce RafaÅ‚ Trzaskowski!

ğŸ’¬ @Kwiatkowski2011 ğŸ‘‡ #Trzaskowski2025 https://t.co/QnQofqiQQ6",Mon Apr 07 14:00:01 +0000 2025,44,580,7532
152,Patryk Jaskulski,"DzieÅ„ dobry BiaÅ‚ystokâ€¼ï¸â¤ï¸
Polska caÅ‚a na RafaÅ‚aâ€¼ï¸ğŸ‡µğŸ‡±âœŒï¸
#Trzaskowski2025
#CaÅ‚aPolskaNaprzÃ³d https://t.co/Y7JEPjVC6k",Sun Apr 06 12:41:46 +0000 2025,93,458,5181
153,Krzysztof BrejzağŸ‡µğŸ‡±ğŸ‡ªğŸ‡ºğŸ‡¬ğŸ‡ªğŸ‡ºğŸ‡¦,"Pracownicy pispubliki robiÄ… wszysyko Å¼eby uchronuÄ‡ Batyra przed debatÄ… z R. Trzaskowski., stÄ…d ta zadyma.
#Trzaskowski2025 #debata",Thu Apr 10 11:01:55 +0000 2025,210,1031,17211
154,Trzaskowski2025,"BÄ™dziemy w caÅ‚ej Polsce! BÄ™dziemy na bazarkach, na rynkach - wszÄ™dzie tam, gdzie sÄ… ludzie! BÄ™dziemy przekonywaÄ‡, Å¼e najlepszym kandydatem jest RafaÅ‚ Trzaskowski!

ğŸ’¬ @KubaRutnicki  ğŸ‘‡ #Trzaskowski2025 https://t.co/GvfHPoL2WV",Mon Apr 07 05:00:01 +0000 2025,236,1471,18754
155,Trzaskowski2025,"Obywatele NaprzÃ³d! Startujemy dzisiaj! Do ostatniego dnia bÄ™dziemy przekonywaÄ‡, Å¼e najlepszym kandydatem jest RafaÅ‚ Trzaskowski!

ğŸ’¬ @Kwiatkowski2011 ğŸ‘‡ #Trzaskowski2025 https://t.co/GrOjc14h4I",Mon Apr 07 15:00:01 +0000 2025,54,918,10322
156,RafaÅ‚ Trzaskowski,"Wy mÃ³wicie: #Trzaskamybanery. Ja odpowiadam - dziÄ™kujÄ™! Z caÅ‚ego serca â¤ï¸

Dwa dni, ponad 13 000 banerÃ³w wywieszonych w caÅ‚ej Polsce. Tak rozpÄ™dzamy tÄ™ kampaniÄ™. WspÃ³lnie! âœŒï¸

CaÅ‚a Polska naprzÃ³d! ğŸ‡µğŸ‡±

#Trzaskowski2025 https://t.co/vB2KFcF7MV",Sun Apr 06 19:07:08 +0000 2025,343,2306,51529
157,RafaÅ‚ Trzaskowski,"#SamorzÄ…dyNaprzÃ³d - najwiÄ™kszy samorzÄ…dowy ruch poparcia w historii. DziÄ™kujÄ™! 

CaÅ‚a Polska naprzÃ³d! 

#Trzaskowski2025

@RafalNaprzod https://t.co/aiTSZlTY38",Tue Apr 08 12:03:12 +0000 2025,246,1954,40883
158,Trzaskowski2025,"Zdrowy rozsÄ…dek w polityce spoÅ‚ecznej. 800+ tylko dla tych UkraiÅ„cÃ³w, ktÃ³rzy w Polsce pracujÄ…, pÅ‚acÄ… podatki, a ich dzieci chodzÄ… doÂ polskichÂ szkÃ³Å‚.

ğŸ’¬ Prezydent @trzaskowski_ ğŸ‘‡ #Trzaskowski2025 https://t.co/7saf5LsrUv",Thu Apr 10 15:30:00 +0000 2025,24,342,3807
159,RafaÅ‚ Trzaskowski,OstrÃ³w Mazowiecka. Na Å¼ywo. BÄ…dÅºcie z nami. CaÅ‚a Polska naprzÃ³d! ğŸ‡µğŸ‡± #Trzaskowski2025 https://t.co/IE0oB9kHsT,Sun Apr 06 08:58:43 +0000 2025,101,824,30275
160,Trzaskowski2025,"BiaÅ‚ystok naprzÃ³d! Podlasie naprzÃ³d! CaÅ‚a Polska naprzÃ³d!

ğŸ’¬ Prezydent @trzaskowski_ğŸ‘‡ #Trzaskowski2025 https://t.co/rpDo0NfY8Z",Tue Apr 08 04:00:04 +0000 2025,38,548,8467
161,Artur Gierada,"Kampania prezydencka nabiera tempa. W sondaÅ¼ach prowadzi @trzaskowski_ (38,3 proc.)!

#Trzaskowski2025

https://t.co/0iBsAJw2nq",Tue Apr 08 08:15:41 +0000 2025,0,5,79
162,Trzaskowski2025,"Jak moÅ¼na cieszyÄ‡ siÄ™ z tego, Å¼e ktoÅ› chce nakÅ‚adaÄ‡ cÅ‚a na towary z Polski? Takie cÅ‚a nie sÄ… w naszym interesie!

ğŸ’¬ Prezydent @trzaskowski_ ğŸ‘‡ #Trzaskowski2025 https://t.co/gFjXaY8XTx",Thu Apr 10 16:00:01 +0000 2025,59,729,6696
163,MaÅ‚gorzata Kidawa-BÅ‚oÅ„ska,"Rusza akcja: Obywatele NaprzÃ³d!  
Odwiedzimy wszystkie wojewÃ³dztwa, aby spotkaÄ‡ siÄ™ z Wami!

Mamy wspÃ³lny cel: 18 maja caÅ‚a Polska gÅ‚osuje na RafaÅ‚a ğŸ—³ï¸

#ObywateleNaprzÃ³d  #Trzaskowski2025 https://t.co/yD6A28pxfP",Sun Apr 06 16:12:56 +0000 2025,91,444,8531
164,Krzysztof Truskolaski,"BiaÅ‚ystok! Podlaskie!DziÄ™kujÄ™ za niesamowitÄ… energiÄ™ podczas spotkania z kandydatem na Prezydenta RP, RafaÅ‚em Trzaskowskim!Po zwyciÄ™stwo ! âœŒï¸ğŸ‡µğŸ‡± #Trzaskowski2025 #CaÅ‚aPolskaNaprzÃ³d https://t.co/Vel4Ea1Eh8",Sun Apr 06 15:41:31 +0000 2025,42,346,6763
165,Maggie ğŸ‡µğŸ‡±ğŸ‡ªğŸ‡ºğŸ¤â¤ï¸âš¡ï¸ğŸ•ğŸˆâ€â¬›ğŸ¾,"BÄ…dÅºmy mÄ…drzy przed szkodÄ…. 
Albo wybierzemy RafaÅ‚a Trzaskowskiego i PolskÄ™ w Unii Europejskiej, albo wyborcy PiS wybiorÄ… nam Alfonsa Nawrockiego i Polexit. 
Tylko #Trzaskowski2025 
#TrzaskamyPierwszÄ…TurÄ™ 
âœŒï¸ğŸ’ªğŸ¤â¤ï¸ https://t.co/GG8tR0QGTB",Thu Apr 10 09:31:32 +0000 2025,21,430,3390
166,Trzaskowski2025,"BÄ™dÄ™ zbieraÅ‚ RadÄ™ BezpieczeÅ„stwa Narodowego co 2 miesiÄ…ce. Z wszystkimi siÅ‚ami politycznymi wypracujemy porozumienie w sprawie bezpieczeÅ„stwa.

ğŸ’¬ Prezydent @trzaskowski_ ğŸ‘‡ #Trzaskowski2025 https://t.co/481zPogJAu",Wed Apr 09 06:00:01 +0000 2025,119,929,13015
167,Trzaskowski2025,"Polska siÄ™ zmieniÅ‚a dziÄ™ki Waszej ciÄ™Å¼kiej pracy! I zmieni siÄ™ jeszcze bardziej! BÄ™dziemy bezpieczni, samowystarczalni i juÅ¼ nigdy nie bÄ™dziemy musieli siÄ™ na nikogo oglÄ…daÄ‡!

ğŸ’¬ Prezydent @trzaskowski_ ğŸ‘‡ #Trzaskowski2025 https://t.co/F9wLXg9lqo",Sun Apr 06 15:00:01 +0000 2025,29,513,4723
168,Marcin Bosacki,"Prezydent @trzaskowski_ o bezpieczeÅ„stwie, patriotyzmie gospodarczym i o konkurentach.
OglÄ…dajmy!
#Trzaskowski2025",Thu Apr 10 11:45:30 +0000 2025,0,114,1435
169,Trzaskowski2025,"Kampania nabiera tempa! Czas na prawdziwÄ… debatÄ™! Panie Szefernaker, odwagi! ProszÄ™ pozwoliÄ‡ swojemu kandydatowiÂ debatowaÄ‡!

ğŸ’¬ Prezydent @trzaskowski_ ğŸ‘‡ #Trzaskowski2025 https://t.co/KQ2cvjHHMe",Thu Apr 10 14:06:00 +0000 2025,417,1292,43700
170,Jasiu Janâ™¿ğŸ‡µğŸ‡± âœŒï¸ğŸ‡ªğŸ‡º,"#Trzaskowski2025
OtwartoÅ›Ä‡ na spoÅ‚eczeÅ„stwo
BezpieczeÅ„stwo
Poszanowanie dla praworzÄ…dnoÅ›ci,praw kobiet.
Nowoczesne podejÅ›cie do problemÃ³w spoÅ‚ecznych.
To Najlepszy kandydat na prezydenta,ktÃ³ry stawia na dialog,niezaleÅ¼noÅ›Ä‡ sÄ…dÃ³w i szacunek dla Konstytucji.
#39dni
#TrzaskowskiTeam https://t.co/3NgedfWnEF",Wed Apr 09 18:02:02 +0000 2025,17,371,3890
171,MichaÅ‚ Wawrykiewicz MEPğŸ‡µğŸ‡±ğŸ‡ªğŸ‡º,Dlaczego Polska tak bardzo potrzebuje Prezydenta RafaÅ‚a Trzaskowskiego? #Trzaskowski2025 https://t.co/OLVqPVKRFx,Wed Apr 09 18:14:19 +0000 2025,270,1725,20834
172,Trzaskowski2025,"KaÅ¼dy, kto szuka wroga w Unii Europejskiej, igra z naszym najwaÅ¼niejszym interesem narodowym! 

ğŸ’¬ Prezydent @trzaskowski_ ğŸ‘‡ #Trzaskowski2025 https://t.co/QAJBSAezyv",Thu Apr 10 18:00:00 +0000 2025,143,608,10501
173,Trzaskowski2025,"Tarcza WschÃ³d to nie tylko zabezpieczenie granicy. To bÄ™dÄ… wielkie inwestycje w nasz przemysÅ‚ i w naszÄ… infrastrukturÄ™. Podlasie bÄ™dzie kolejnym koÅ‚em zamachowym naszej gospodarki!

ğŸ’¬ Prezydent @trzaskowski_ğŸ‘‡ #Trzaskowski2025 https://t.co/cjnHGlaXKe",Tue Apr 08 12:00:02 +0000 2025,35,330,3825
174,Trzaskowski2025,"Im wiÄ™cej politycy Konfederacji mÃ³wiÄ…, tym ""ciekawszych"" rzeczy o ich prawdziwych poglÄ…dach moÅ¼emy siÄ™ dowiedzieÄ‡!

ğŸ’¬ Prezydent @trzaskowski_ ğŸ‘‡ #Trzaskowski2025 https://t.co/U9pWcYvv8c",Thu Apr 10 16:30:00 +0000 2025,33,412,5508
175,Krzysztof Nowok,"Trzaskowski to tchÃ³rz  !!!
Trzaskowski to tchÃ³rz  !!!
Trzaskowski to tchÃ³rz  !!!
Trzaskowski to tchÃ³rz  !!!
Trzaskowski to tchÃ³rz  !!!
@trzaskowski_ to tchÃ³rz  !!!
@Trzaskowski2O25  to tchÃ³rz  !!!
#Trzaskowski2025 to tchÃ³rz !!!
#TrzaskowskiTchorz https://t.co/6CPrAGOyYr",Thu Apr 10 15:29:52 +0000 2025,0,7,61
176,Trzaskowski2025,"W przyszÅ‚ym roku wydamy na naszÄ… armiÄ™ 5% PKB. Z czego poÅ‚owÄ™ w polskim przemyÅ›le zbrojeniowym! 

ğŸ’¬ Prezydent @trzaskowski_ ğŸ‘‡ #Trzaskowski2025 https://t.co/HpsoNTmz4C",Wed Apr 09 13:00:00 +0000 2025,38,418,5422
177,Trzaskowski2025,"Polska bÄ™dzie bezpieczna! Podlasie bÄ™dzie bezpieczne! To wszystko dziÄ™ki Tarczy WschÃ³d. 

ğŸ’¬ Prezydent @trzaskowski_ğŸ‘‡ #Trzaskowski2025 https://t.co/R5ELElPiuk",Tue Apr 08 11:30:00 +0000 2025,86,412,5374
178,Trzaskowski2025,"BÄ™dÄ… pieniÄ…dze na inwestycje w bezpieczeÅ„stwo! Unia Europejska realizuje nasz interes narodowy!

ğŸ’¬ Prezydent @trzaskowski_ğŸ‘‡ #Trzaskowski2025 https://t.co/IvqubOstJk",Tue Apr 08 06:30:00 +0000 2025,67,343,4429
179,Trzaskowski2025,"PrzemysÅ‚ zbrojeniowy pobudza do dziaÅ‚ania wszystkie gaÅ‚Ä™zie przemysÅ‚u.

ğŸ’¬ Prezydent @trzaskowski_ğŸ‘‡ #Trzaskowski2025 https://t.co/6OxWijWIcU",Thu Apr 10 12:50:07 +0000 2025,55,359,4091
180,RafaÅ‚ Trzaskowski,"Kalisz, WieluÅ„. Dwa regiony w jeden dzieÅ„. DziÄ™kujÄ™ za spotkania i za Wasze wsparcie. A teraz peÅ‚na koncentracja na debacie. Do zobaczenia w piÄ…tek o 20.00 w KoÅ„skich!

CaÅ‚a Polska naprzÃ³d! ğŸ‡µğŸ‡±
#Trzaskowski2025 https://t.co/UeirFLVJbq",Thu Apr 10 19:27:40 +0000 2025,179,1418,65838
181,RafaÅ‚ Trzaskowski,"Spotkajmy siÄ™ zaraz po zakoÅ„czeniu debaty! 

#Trzaskowski2025 https://t.co/Q6IA78Lpmp",Thu Apr 10 20:02:18 +0000 2025,488,1652,179113
182,Trzaskowski2025,"JeÅ¼eli chcemy byÄ‡ bezpieczni, musimy byÄ‡ samowystarczalni!

ğŸ’¬ Prezydent @trzaskowski_ğŸ‘‡ #Trzaskowski2025 https://t.co/BeJhDMCjUr",Thu Apr 10 13:11:02 +0000 2025,49,271,3361
183,RafaÅ‚ Trzaskowski,Kalisz. Na Å¼ywo. BÄ…dÅºcie z nami. CaÅ‚a Polska naprzÃ³d! ğŸ‡µğŸ‡± #Trzaskowski2025 https://t.co/oFECD37snd,Thu Apr 10 11:30:01 +0000 2025,168,897,35752
184,Trzaskowski2025,"ObiecujÄ™ PaÅ„stwu jedno - nasza granica bÄ™dzie najbardziej szczelnÄ… i bezpiecznÄ…Â granicÄ…Â wÂ NATO!

ğŸ’¬ Prezydent @trzaskowski_ ğŸ‘‡ #Trzaskowski2025 https://t.co/CKyY60A8Lf",Thu Apr 10 18:30:00 +0000 2025,170,488,13095
185,Trzaskowski2025,"ğŸ‡µğŸ‡±ğŸ‡ºğŸ‡¸ Polsce potrzebna jest umowa handlowa ze Stanami Zjednoczonymi, a nie cÅ‚a!

ğŸ’¬ Prezydent @trzaskowski_ ğŸ‘‡ #Trzaskowski2025 https://t.co/uAmiIyJr4Z",Thu Apr 10 17:30:00 +0000 2025,62,372,5195
186,RafaÅ‚ Trzaskowski,WieluÅ„. Na Å¼ywo. BÄ…dÅºcie z nami. CaÅ‚a Polska naprzÃ³d! ğŸ‡µğŸ‡± #Trzaskowski2025 https://t.co/79iYCdAEul,Thu Apr 10 14:34:13 +0000 2025,182,980,36593
187,RafaÅ‚ Trzaskowski,"Jutro o 20.00 poczÄ…tek debaty w KoÅ„skich. OczywiÅ›cie jeÅ›li Panu Karolowi wystarczy odwagi. Å»yczmy sobie powaÅ¼nej rozmowy o Polsce. Polki i Polacy tego oczekujÄ…. 

Do zobaczenia.

#debata #Trzaskowski2025 https://t.co/qRBjIXoA8n",Thu Apr 10 18:06:51 +0000 2025,1230,3696,215925
188,Piotr Kandyba PoseÅ‚ na Sejm RP,"Brawo RafaÅ‚ Trzaskowski. Ciekawy jestem czy kandydat @pisorgpl pojawi siÄ™ na debacie â€¦ myÅ›lÄ™ Å¼e jednak nie  

#debata #Trzaskowski2025",Thu Apr 10 20:46:11 +0000 2025,0,4,78
189,Trzaskowski2025,"StraszÄ… migrantami, a to oni kompletnie stracili kontrolÄ™ nad naszÄ… granicÄ…. Straszyli, straszyli, a samiÂ ichÂ wpuÅ›cili.

ğŸ’¬ Prezydent @trzaskowski_ ğŸ‘‡ #Trzaskowski2025 https://t.co/9j2YUUdnZH",Thu Apr 10 14:30:00 +0000 2025,230,902,15865
190,RafaÅ‚ Trzaskowski,BiaÅ‚ystok. Na Å¼ywo. BÄ…dÅºcie z nami. CaÅ‚a Polska naprzÃ³d! ğŸ‡µğŸ‡± #Trzaskowski2025 https://t.co/ntnqLhIMb4,Sun Apr 06 12:28:39 +0000 2025,136,963,46336
191,Trzaskowski2025,"BezpieczeÅ„stwo traktujemy na serio! Wydajemy prawie 5% PKB na obronnoÅ›Ä‡, kupujemy najnowoczeÅ›niejszy sprzÄ™t, zbudowaliÅ›my TarczÄ™ WschÃ³d! 

ğŸ’¬ Prezydent @trzaskowski_ğŸ‘‡#Trzaskowski2025 https://t.co/8EXXtTm7BG",Wed Apr 09 15:30:01 +0000 2025,50,373,4313
192,Trzaskowski2025,"Panie Nawrocki: czekam na Pana jutro o 20:00 w KoÅ„skich. Porozmawiajmy!

ğŸ’¬ Prezydent @trzaskowski_ ğŸ‘‡ #Trzaskowski2025 https://t.co/qRf5AuxTmE",Thu Apr 10 15:00:00 +0000 2025,264,1425,28312
193,Arkadiusz Myrcha,"PiÄ…tek, godz. 20:00. Czas na #debata ! Prezydent @trzaskowski_ bÄ™dzie . Kandydat PiSâ€¦ jak mu Prezes i chÅ‚opaki ze sztabu pozwolÄ…. Widmo Å¼enujÄ…cego p. Nawrockiego jest caÅ‚kiem spore ğŸ˜
#Trzaskowski2025 https://t.co/ywnZSXhDpU",Thu Apr 10 19:42:23 +0000 2025,326,214,9637
194,Trzaskowski2025,"Ruszamy z akcjÄ… â€œObywatele NaprzÃ³dâ€! BÄ™dziemy w gÃ³rach, bÄ™dziemy na Mazurach, bÄ™dziemy w caÅ‚ej Polsce! 

BÄ™dziemy wszÄ™dzie tam, gdzie jesteÅ›cie Wy - obywatelki i obywatele. Å»eby rozmawiaÄ‡ i przekonywaÄ‡ do gÅ‚osowania na RafaÅ‚a Trzaskowskiego! CaÅ‚a Polska NaprzÃ³d! Obywatele https://t.co/XBLaqXbzvk",Sun Apr 06 13:19:42 +0000 2025,184,728,13357
195,MichaÅ‚ Szczerba,"Wielkopolska! âœ‹

Prezydent @trzaskowski_ przybywa.
Dobrych spotkaÅ„ w Kaliszu i w Wieluniu!
#Trzaskowski2025ğŸ‡µğŸ‡± https://t.co/x8U6Wyx7pA",Thu Apr 10 09:18:41 +0000 2025,29,222,5054
196,Tomasz Grodzki,"My, Senacki Klub KO, z przekonaniem popieramy RafaÅ‚a Trzaskowskiego. ÅÄ…czy doÅ›wiadczenie, wizjÄ™ i troskÄ™ o dobro wspÃ³lne. Jako straÅ¼nik Konstytucji zapewni stabilnoÅ›Ä‡ Polski i bÄ™dzie godnie nas reprezentowaÅ‚ na arenie miÄ™dzynarodowej.
#Trzaskowski2025 https://t.co/R08BaUVAOK",Thu Apr 10 13:53:09 +0000 2025,1,543,20971
197,EwkazWarszawy #DruÅ¼ynaRafaÅ‚a,"Teraz juÅ¼ kaÅ¼dy chce debatowaÄ‡ z RafaÅ‚em ğŸ˜‚
No ludzie, przecieÅ¼ siÄ™ nie rozerwie :)
#Trzaskowski2025 https://t.co/HYo5MBLLyt",Thu Apr 10 10:42:18 +0000 2025,2,310,1501
198,Trzaskowski NaprzÃ³d,"ğŸ”µ Wspierasz RafaÅ‚a? DorzuÄ‡ siÄ™ do kampanii! â¬‡ï¸
KaÅ¼da zÅ‚otÃ³wka to krok w stronÄ™ Polski uczciwej, praworzÄ…dnej i bezpiecznej. ğŸ‡µğŸ‡± Razem moÅ¼emy wiÄ™cej! âœŒï¸

ğŸ‘‰ https://t.co/BgGDRLNk2U ğŸ‘ˆ https://t.co/glRWyW2u4c",Thu Apr 10 08:30:00 +0000 2025,425,1217,1080665
199,Adrian JasiÅ„ski RyÅ¼y ğŸ‡ªğŸ‡ºğŸ³ï¸â€ğŸŒˆğŸ³ï¸â€âš§ï¸ğŸ‡ºğŸ‡¦ğŸ‡µğŸ‡±,"W KoÅ„skich jutro dzieÅ„ RafaÅ‚a @trzaskowski_! Przed debatÄ… juÅ¼ od 9 rano akcja #ObywateleNaprzÃ³d bÄ™dzie w KoÅ„skich z mieszkankami i mieszkaÅ„cami na targach Miejskim i Rolnym oraz na Rynku a o 21.30 po debacie spotkanie z RafaÅ‚em w boisku przy Liceum nr 1! ğŸ’™ğŸ’™ğŸ’™
#Trzaskowski2025 https://t.co/TnOWwYxGDf",Thu Apr 10 20:52:54 +0000 2025,0,46,358
200,Trzaskowski2025,"Wesprzyj zbiÃ³rki na billboardy RafaÅ‚a Trzaskowskiego w Twojej okolicy i we wszystkich kluczowych okrÄ™gachâ—

ğŸ‘‰ https://t.co/ZBET642k5j https://t.co/iTdkOPmxwx",Tue Apr 08 10:30:00 +0000 2025,49,247,6073
201,Barbaria___#InTuskWeTrust,"18 maja gÅ‚osujÄ™ na @trzaskowski_ , ktÃ³ry zawsze staÅ‚ po stronie kobiet. ByÅ‚ wszÄ™dzie, gdzie byÅ‚yÅ›my my w walce z nieludzkim prawem, ktÃ³re kobietom zafundowali KaczyÅ„ski i PrzyÅ‚Ä™bska. 

#Trzaskowski2025 âœŒï¸ğŸ‡µğŸ‡±
#ObywateleNaprzÃ³d https://t.co/rvbNVTn25N",Thu Apr 10 19:29:06 +0000 2025,3,133,739
202,Adrian JasiÅ„ski RyÅ¼y ğŸ‡ªğŸ‡ºğŸ³ï¸â€ğŸŒˆğŸ³ï¸â€âš§ï¸ğŸ‡ºğŸ‡¦ğŸ‡µğŸ‡±,"Cudowni ludzie, pozytywna energia i wiara w nasze zwyciÄ™stwo 18 maja! Najpierw w Kaliszu, potem w Wieluniu nasz kandydat na prezydenta RP RafaÅ‚ @trzaskowski_ wraz ze swÄ… kochanÄ… druÅ¼ynÄ… pokazaÅ‚ swojÄ… siÅ‚Ä™ co jest niezbÄ™dne przed jutrzejszÄ… debatÄ…! ğŸ‡µğŸ‡±ğŸ‡ªğŸ‡ºğŸ’™ğŸ’ªâœŠğŸ‘âœŒï¸
#Trzaskowski2025",Thu Apr 10 20:42:09 +0000 2025,1,55,335
203,Aneta ObserwatorXY,"RafaÅ‚ Trzaskowski w #WieluÅ„ o Mentzenie: JeÅ›li ktoÅ› mÃ³wi, Å¼e w Å›wiecie idealnym on by byÅ‚ poza UniÄ… EuropejskÄ…, to gdzie by byÅ‚? W szarej strefie. W szarej strefie pomiÄ™dzy EuropÄ… a RosjÄ….

#Trzaskowski2025",Thu Apr 10 15:18:12 +0000 2025,5,188,1809
204,Trzaskowski2025,"Obywatele NaprzÃ³d! CaÅ‚a Polska NaprzÃ³d!

@KubaRutnicki @Gasiuk_Pihowicz @Kwiatkowski2011 

#Trzaskowski2025 #ObywateleNaprzod",Sun Apr 06 13:55:51 +0000 2025,22,268,3445
205,Stanislas Balcerac,"Grom oklaskÃ³w,
BÅ‚ysk iPhonÃ³w,
KtÃ³Å¼ to odwiedza lud rembertowski?
Towarzysz prezydent, Trzaskowski!
Klucze wam wrÄ™cza, ten dobrodziej wasz,
Wracamy do PRL-u, taki juÅ¼ los nasz.
#Trzaskowski2025 https://t.co/HN0baelB1F",Thu Apr 10 16:39:55 +0000 2025,0,18,493
206,Krzysztof SaÅ‚ek PO Stalowa Wola,"ChÄ™ci âœ…
Banery âœ…
Zimno âœ…
CiepÅ‚a kawa bo zimno âœ…
#TrzaskamyBanery w Stalowej Woli z @MarczakDamian - bo tu, na Podkarpaciu kaÅ¼dy baner #Trzaskowski2025 liczy siÄ™ podwÃ³jnie ğŸ’ªâœŒï¸ https://t.co/BlFq88XK21",Sun Apr 06 15:19:31 +0000 2025,17,395,4408
207,Adrian JasiÅ„ski RyÅ¼y ğŸ‡ªğŸ‡ºğŸ³ï¸â€ğŸŒˆğŸ³ï¸â€âš§ï¸ğŸ‡ºğŸ‡¦ğŸ‡µğŸ‡±,"Wsparcie walecznych #KobietyZTrzaskiem bÄ™dzie jutro podczas debaty w KoÅ„skich niezbÄ™dne dla naszego kandydata RafaÅ‚a @trzaskowski_ a obecnoÅ›Ä‡ tych silnych kobiet w KoÅ„skich wywoÅ‚a u mizogina Nowogrodzkiego wywoÅ‚a blady strach bo boi siÄ™ mÄ…drych kobiet! ğŸ’œğŸ’œğŸ’œğŸ’œ
#Trzaskowski2025",Thu Apr 10 20:46:20 +0000 2025,0,51,383
208,R_Sky ğŸ‡µğŸ‡±ğŸ‡ªğŸ‡º ğŸ³ï¸â€ğŸŒˆâœŒï¸,"I on siÄ™ pcha na debatÄ™ z Trzaskowskim Å¼eby, cyt. obnaÅ¼yÄ‡ wszystkie kÅ‚amstwa i niekompetencje RafaÅ‚a Trzaskowskiego.ğŸ˜‚ğŸ¤£ https://t.co/dp3uFYzaWr",Wed Apr 09 17:42:48 +0000 2025,31,339,15482
209,Å»aklina SkowroÅ„ska,"CaÅ‚e 13 dni zajÄ™Å‚o @trzaskowski_ zastanawianie siÄ™, czy chce debatowaÄ‡ w KoÅ„skich. @NawrockiKn wezwaÅ‚ go do debaty 27 marcaâ€¦ w KoÅ„skich: â€Mam nadziejÄ™, Å¼e w ciÄ…gu ostatnich 5 lat pierwiastek mÄ™skoÅ›ci RafaÅ‚a Trzaskowskiego jest juÅ¼ na odpowiednim poziomie i nie stchÃ³rzyâ€â¤µï¸ https://t.co/JRaKNZyO0K",Wed Apr 09 06:44:00 +0000 2025,44,525,18836
210,Szymon Komorowski,"Najnowszy sondaÅ¼ poparcia dla kandydatÃ³w w #WyboryPrezydenckie2025:

4ï¸âƒ£1ï¸âƒ£,9ï¸âƒ£%-@trzaskowski_
2ï¸âƒ£2ï¸âƒ£,0ï¸âƒ£%-Nowogrodzki
2ï¸âƒ£0ï¸âƒ£,5ï¸âƒ£%-@SlawomirMentzen
7ï¸âƒ£,8ï¸âƒ£%-@szymon_holownia
3ï¸âƒ£,0ï¸âƒ£%-@MagdaBiejat
2ï¸âƒ£,0ï¸âƒ£%-@ZandbergRAZEM
1ï¸âƒ£,7ï¸âƒ£%-@K_Stanowski
1ï¸âƒ£,2ï¸âƒ£%-@GrzegorzBraun_

#Trzaskowski2025!âœŒï¸â™¥ï¸ğŸ‡µğŸ‡±",Thu Apr 10 08:59:13 +0000 2025,1,4,224
211,JarosÅ‚aw WaÅ‚Ä™sa,Polska potrzebuje odpowiedzialnego prezydenta â€” z doÅ›wiadczeniem i silnymi relacjami w Europie i na Å›wiecie. Takim kandydatem jest RafaÅ‚ Trzaskowski! âœŒğŸ»ğŸ‡µğŸ‡±,Wed Apr 09 15:45:34 +0000 2025,41,888,7815
212,Profesor_Kajetan_Nkunka,2. RafaÅ‚ TrzaskowskiğŸ‡©ğŸ‡ª -&gt; Adam TrzaskowskiğŸ‡µğŸ‡± (Flota ÅšwinoujÅ›cieğŸ‡µğŸ‡±) https://t.co/ztb5Kury92,Sun Apr 06 16:50:55 +0000 2025,1,231,9748
213,Kuba Rutnicki,Zapraszamy serdecznie na spotkanie z #Trzaskowski2025 do KaliszaâœŒï¸âœŒï¸ğŸ‡µğŸ‡±ğŸ‡µğŸ‡±Wielkopolska caÅ‚a naprzÃ³d ğŸ‡µğŸ‡±ğŸ‡µğŸ‡±,Mon Apr 07 09:32:37 +0000 2025,24,266,2924
214,RafaÅ‚ Trzaskowski,"OstrÃ³w Mazowiecka. Nie bez przyczyny to tutaj dziÅ› rozpoczynamy nowÄ… akcjÄ™ - #ObywateleNaprzÃ³d ğŸ‡µğŸ‡± To tutaj w ostatnich latach pokazaliÅ›my, Å¼e ciÄ™Å¼ka praca i bezpoÅ›rednie rozmowy z mieszkaÅ„cami dajÄ… efekty - przez lata byÅ‚ tu wyborczy bastion PiS, a w zeszÅ‚ym roku burmistrzem https://t.co/uMrK1H7GEg",Sun Apr 06 12:08:44 +0000 2025,149,1570,34968
215,MiÅ‚osz KÅ‚eczek,"@NawrockiKn  do @trzaskowski_  idÄ™ po Ciebie â€¼ï¸ğŸ’ª 

Czy RafaÅ‚ wymiÄ™knie ? ğŸ˜ğŸ‘‡ğŸ‘‡ Republika bÄ™dzie na miejscu gotowa do transmisji ğŸ’ªğŸ’ª",Wed Apr 09 09:24:29 +0000 2025,12,201,1994
216,Szymon Komorowski,"Pytanie:

Na #debata zaproponowanÄ… przez @trzaskowski_ w KoÅ„skich przyjedzie:

@pisorgpl #nawrocki #Trzaskowski2025 #PiS #Batyr #BatyrzeNiePÄ™kaj #WyboryPrezydenckie2025 @Platforma_org @ko_klub #TrzaskamyPierwszÄ…TurÄ™ @NawrockiKn #Wybory2025 #TrzaskowskiWygra #debataprezydencka",Wed Apr 09 13:37:36 +0000 2025,1,1,192
217,Jan Molski ğŸ‡µğŸ‡±,"ğŸš¨ RAFAÅ TRZASKOWSKI STCHÃ“RZYÅ PRZED DEBATÄ„ W REPUBLICE ğŸš¨

To byÅ‚o do przewidzenia. ğŸ¤·ğŸ»â€â™‚ï¸ https://t.co/XlOx9QO7b8",Tue Apr 08 10:58:32 +0000 2025,191,1857,74876
218,Jowita #Nawrocki2025,"To nie bÄ™dzie optymistyczny wpis.
JeÅ›li ten sondaÅ¼ jest odbiciem prawdziwych nastrojÃ³w w spoÅ‚eczeÅ„stwie, to znaczy, Å¼e Polacy kompletnie nie rozumiejÄ… o co toczy siÄ™ gra. OgÅ‚upieni kÅ‚amstwami tefaÅ‚enu uwaÅ¼ajÄ…, Å¼e Trzaskowski jest lepszy bo moÅ¼e lepiej mÃ³wi po angielsku. NapiszÄ™ https://t.co/VVUafFoQ15",Tue Apr 08 07:23:49 +0000 2025,740,2597,123915
219,Krzysztof Kwiatkowski,"ğŸ˜€ Oficjalnym kontem akcji, ktÃ³rÄ… dzisiaj zainaugurowaliÅ›my jest profil @RafalNaprzod ğŸ‡µğŸ‡±âœŒï¸â€¼ï¸

ğŸ‘‰ Zapraszam Was do jego odwiedzania i komentowania.

PS. Tu takÅ¼e piszcie jeÅ¼eli chcecie zgÅ‚osiÄ‡ jakÄ…Å› lokalizacjÄ™ do wieszania banerÃ³w.

#Trzaskowski2025 #ObywateleNaprzÃ³d",Sun Apr 06 18:47:38 +0000 2025,9,416,5734
220,DoRzeczy,".@KONFEDERACJA_: 5 argumentÃ³w dlaczego tÄ™czowy RafaÅ‚ #Trzaskowski jest klimatycznym wariatem iÂ wspiera ekofanatyzm â¬‡ï¸ 
https://t.co/fEifJdZeFz",Wed Apr 09 09:39:45 +0000 2025,6,222,2622
221,Tygodnik Powszechny,"Wszyscy ludzie Trzaskowskiego. TrwajÄ… przymiarki do PaÅ‚acu Prezydenckiego. Kogo Trzaskowski chce zabraÄ‡ ze sobÄ…? Dowiedz siÄ™ z tekstu Piotra ÅšMIÅOWICZA ğŸ‘‡
#Trzaskowski2025 #trzaskowski #nitras  https://t.co/AKMdidMP8v",Thu Apr 10 06:09:33 +0000 2025,0,0,494
222,Patriokrata,"@donaldtusk Marnowali miliardy i kradli miliony! 

JuÅ¼ tylko z tego jednego powodu powinno siÄ™ 18 maja wybraÄ‡ takiego kandydata, ktÃ³ry bÄ™dzie gwarantem, Å¼e ta pazerna, PiSowska szaraÅ„cza juÅ¼ nigdy wiÄ™cej nie zniszczy nam kraju! 

Takim kandydatem jest wyÅ‚Ä…cznie RafaÅ‚ Trzaskowski! Wszystkie https://t.co/HFOGbeC34e",Tue Apr 08 07:44:55 +0000 2025,40,317,3859
223,Natan Goldschneider ğŸ‡µğŸ‡±ğŸ‡®ğŸ‡±âœ¡ğŸ‡±ğŸ‡¹ğŸ‡·ğŸ‡´ğŸ‡¨ğŸ‡¦,"@MorawieckiM @NawrockiKn No jest jedna droga ale juÅ¼ tylko dla ciebie. Emigracja, proponujÄ™ WÄ™gry bo w Izraelu to ja ciÄ™ znajdÄ™ i narobiÄ™ wstydu. Tu siÄ™ nie ukryjesz. Polska dumna, Polska silna, Polska bez wstydu to gwarantuje tylko Trzaskowski. A tryglodyta moÅ¼e porobiÄ‡ pompki.
#Trzaskowski2025",Thu Apr 10 18:02:58 +0000 2025,8,161,976
224,ğ•rizona ğ•ğŸª© ğŸ³ï¸â€ğŸŒˆğŸ‡ºğŸ‡³ğŸ¦ğŸ¥¥ğŸŒ´ ğŸ«€ğŸ¥ŸğŸ’™ğŸ’›,"Tak, bÄ™dÄ™ gÅ‚osowaÅ‚ na RafaÅ‚a w drugiej turze

#MimoWszystkoTrzaskowski https://t.co/ancK2QL8TY",Thu Apr 10 09:58:43 +0000 2025,92,763,31985
225,Olanta â€¼ï¸â˜ï¸,"â€¼ï¸RafaÅ‚ Trzaskowski jest juÅ¼ skoÅ„czony i on o tym wie 
SÅ‚yszycie jego gÅ‚os o jakimÅ› pluciu w odpowiedzi na zadane pytanie?

Dlatego takie chamstwo i nienawiÅ›Ä‡ wobec dziennikarza 
 Janusza Å»yczkowskiego @zyczkowski z @RepublikaTV

 https://t.co/x2bV2veIed",Thu Apr 10 19:31:20 +0000 2025,8,282,2633
